Date,Temp,Period
01/01/2001,26.77,A
02/01/2001,27.7,A
03/01/2001,29.77,A
04/01/2001,28.68,A
05/01/2001,26.95,A
06/01/2001,25.42,A
07/01/2001,25.48,A
08/01/2001,27.23,A
09/01/2001,27.64,A
10/01/2001,27.01,A
11/01/2001,27.93,A
12/01/2001,25.13,A
13/01/2001,26.52,A
14/01/2001,25.96,A
15/01/2001,25.96,A
16/01/2001,27.05,A
17/01/2001,27.23,A
18/01/2001,26.91,A
19/01/2001,28.09,A
20/01/2001,29.71,A
21/01/2001,28.33,A
22/01/2001,26.32,A
23/01/2001,27.52,A
24/01/2001,26.24,A
25/01/2001,24.81,A
26/01/2001,25.8,A
27/01/2001,27.1,A
28/01/2001,27.59,A
29/01/2001,29.57,A
30/01/2001,26.94,A
31/01/2001,28.15,A
01/02/2001,28.3,A
02/02/2001,28.35,A
03/02/2001,31.13,A
04/02/2001,31.32,A
05/02/2001,30.01,A
06/02/2001,30.3,A
07/02/2001,28.57,A
08/02/2001,28.89,A
09/02/2001,27.78,A
10/02/2001,31.38,A
11/02/2001,30.97,A
12/02/2001,28.45,A
13/02/2001,28.91,A
14/02/2001,28.89,A
15/02/2001,28.32,A
16/02/2001,28.82,A
17/02/2001,29.46,A
18/02/2001,30.57,A
19/02/2001,30.15,A
20/02/2001,30.09,A
21/02/2001,29.74,A
22/02/2001,30.1,A
23/02/2001,30.33,A
24/02/2001,29.79,A
25/02/2001,28.91,A
26/02/2001,29.05,A
27/02/2001,28.42,A
28/02/2001,27.47,A
01/03/2001,27.24,A
02/03/2001,27.39,A
03/03/2001,29.92,A
04/03/2001,32.01,A
05/03/2001,30.07,A
06/03/2001,28.84,A
07/03/2001,26.09,A
08/03/2001,27.57,A
09/03/2001,28.76,A
10/03/2001,29.55,A
11/03/2001,31.34,A
12/03/2001,31.31,A
13/03/2001,30.1,A
14/03/2001,30.07,A
15/03/2001,30.27,A
16/03/2001,29.97,A
17/03/2001,29.89,A
18/03/2001,30.16,A
19/03/2001,28.72,A
20/03/2001,28.11,A
21/03/2001,28.99,A
22/03/2001,31.66,A
23/03/2001,31.52,A
24/03/2001,30.66,A
25/03/2001,29.14,A
26/03/2001,28.15,A
27/03/2001,22.72,A
28/03/2001,26.01,A
29/03/2001,28.5,A
30/03/2001,27.24,A
31/03/2001,28.01,A
01/04/2001,25.64,A
02/04/2001,27.89,A
03/04/2001,29.61,A
04/04/2001,29.32,A
05/04/2001,28.32,A
06/04/2001,29.52,A
07/04/2001,29.1,A
08/04/2001,25.57,A
09/04/2001,27.59,A
10/04/2001,28.45,A
11/04/2001,28.1,A
12/04/2001,28.79,A
13/04/2001,30.06,A
14/04/2001,28.92,A
15/04/2001,26.32,A
16/04/2001,26.79,A
17/04/2001,27.45,A
18/04/2001,27.7,A
19/04/2001,28.3,A
20/04/2001,26.26,A
21/04/2001,27.91,A
22/04/2001,26.33,A
23/04/2001,28.6,A
24/04/2001,27.97,A
25/04/2001,28.3,A
26/04/2001,25.43,A
27/04/2001,28.07,A
28/04/2001,32.09,A
29/04/2001,29.42,A
30/04/2001,25.62,A
01/05/2001,28.9,A
02/05/2001,30.45,A
03/05/2001,30.63,A
04/05/2001,29.3,A
05/05/2001,29.85,A
06/05/2001,29.42,A
07/05/2001,29.2,A
08/05/2001,30.92,A
09/05/2001,28.13,A
10/05/2001,27.42,A
11/05/2001,25.91,A
12/05/2001,27.64,A
13/05/2001,28.98,A
14/05/2001,29.11,A
15/05/2001,30.51,A
16/05/2001,30.12,A
17/05/2001,29.46,A
18/05/2001,29.79,A
19/05/2001,27.35,A
20/05/2001,30.49,A
21/05/2001,26.88,A
22/05/2001,29.61,A
23/05/2001,29.85,A
24/05/2001,26.99,A
25/05/2001,29.76,A
26/05/2001,29.02,A
27/05/2001,27.02,A
28/05/2001,26.1,A
29/05/2001,29.09,A
30/05/2001,28.62,A
31/05/2001,28.76,A
01/06/2001,28.93,A
02/06/2001,28.13,A
03/06/2001,28.26,A
04/06/2001,29.56,A
05/06/2001,30.37,A
06/06/2001,30.5,A
07/06/2001,26.18,A
08/06/2001,29.78,A
09/06/2001,28.36,A
10/06/2001,29.9,A
11/06/2001,28.42,A
12/06/2001,28.39,A
13/06/2001,27.36,A
14/06/2001,27.46,A
15/06/2001,28.44,A
16/06/2001,25.98,A
17/06/2001,28.09,A
18/06/2001,28.9,A
19/06/2001,28.16,A
20/06/2001,26.08,A
21/06/2001,26.56,A
22/06/2001,25.08,A
23/06/2001,28.93,A
24/06/2001,30.74,A
25/06/2001,29.59,A
26/06/2001,28.69,A
27/06/2001,26.18,A
28/06/2001,25.14,A
29/06/2001,28.36,A
30/06/2001,30.8,A
01/07/2001,29.12,A
02/07/2001,25.24,A
03/07/2001,26.06,A
04/07/2001,26.11,A
05/07/2001,28.52,A
06/07/2001,26.56,A
07/07/2001,25.93,A
08/07/2001,27.27,A
09/07/2001,28.73,A
10/07/2001,29.76,A
11/07/2001,30.22,A
12/07/2001,28.43,A
13/07/2001,31.11,A
14/07/2001,28.94,A
15/07/2001,29.34,A
16/07/2001,28.1,A
17/07/2001,28.83,A
18/07/2001,29.24,A
19/07/2001,29.64,A
20/07/2001,28.13,A
21/07/2001,29.2,A
22/07/2001,28,A
23/07/2001,27.94,A
24/07/2001,29.15,A
25/07/2001,28.15,A
26/07/2001,25.18,A
27/07/2001,27.03,A
28/07/2001,28.63,A
29/07/2001,25.74,A
30/07/2001,25.93,A
31/07/2001,23.77,A
01/08/2001,23.09,A
02/08/2001,23.61,A
03/08/2001,25.44,A
04/08/2001,28.18,A
05/08/2001,28.16,A
06/08/2001,25.23,A
07/08/2001,27.5,A
08/08/2001,26.34,A
09/08/2001,24.97,A
10/08/2001,28.06,A
11/08/2001,29.21,A
12/08/2001,29.58,A
13/08/2001,27.78,A
14/08/2001,28.83,A
15/08/2001,29.35,A
16/08/2001,29.98,A
17/08/2001,29.18,A
18/08/2001,30.66,A
19/08/2001,30.9,A
20/08/2001,31.08,A
21/08/2001,31.23,A
22/08/2001,29.28,A
23/08/2001,30.83,A
24/08/2001,30.59,A
25/08/2001,29.92,A
26/08/2001,28.49,A
27/08/2001,31.03,A
28/08/2001,25.17,A
29/08/2001,29.74,A
30/08/2001,27.46,A
31/08/2001,26.83,A
01/09/2001,29.67,A
02/09/2001,32.19,A
03/09/2001,29.09,A
04/09/2001,28.06,A
05/09/2001,29.71,A
06/09/2001,31.85,A
07/09/2001,30.33,A
08/09/2001,29.28,A
09/09/2001,27.56,A
10/09/2001,27.8,A
11/09/2001,27.99,A
12/09/2001,28.65,A
13/09/2001,30.15,A
14/09/2001,30.97,A
15/09/2001,29.58,A
16/09/2001,29.27,A
17/09/2001,28.57,A
18/09/2001,29.33,A
19/09/2001,29.49,A
20/09/2001,29.04,A
21/09/2001,30.21,A
22/09/2001,30.21,A
23/09/2001,30.1,A
24/09/2001,29.36,A
25/09/2001,30.42,A
26/09/2001,30.97,A
27/09/2001,30.8,A
28/09/2001,30.25,A
29/09/2001,29.85,A
30/09/2001,30.03,A
01/10/2001,29.55,A
02/10/2001,30.24,A
03/10/2001,24.2,A
04/10/2001,28.6,A
05/10/2001,28.64,A
06/10/2001,29.92,A
07/10/2001,29.85,A
08/10/2001,28.73,A
09/10/2001,28.79,A
10/10/2001,29.04,A
11/10/2001,29.34,A
12/10/2001,29.09,A
13/10/2001,29.4,A
14/10/2001,28.88,A
15/10/2001,29.25,A
16/10/2001,28.65,A
17/10/2001,30,A
18/10/2001,30.97,A
19/10/2001,31.52,A
20/10/2001,29.73,A
21/10/2001,29.49,A
22/10/2001,30.63,A
23/10/2001,29.67,A
24/10/2001,30.45,A
25/10/2001,28.96,A
26/10/2001,28.56,A
27/10/2001,29.07,A
28/10/2001,28,A
29/10/2001,28.05,A
30/10/2001,25.99,A
31/10/2001,28.1,A
01/11/2001,25.64,A
02/11/2001,24.35,A
03/11/2001,25.01,A
04/11/2001,22.54,A
05/11/2001,22.91,A
06/11/2001,24.7,A
07/11/2001,27.2,A
08/11/2001,28.43,A
09/11/2001,27.51,A
10/11/2001,25.6,A
11/11/2001,20.4,A
12/11/2001,28.03,A
13/11/2001,26.56,A
14/11/2001,25,A
15/11/2001,25.85,A
16/11/2001,24.44,A
17/11/2001,27.45,A
18/11/2001,27.78,A
19/11/2001,28.19,A
20/11/2001,27.14,A
21/11/2001,26.83,A
22/11/2001,25.02,A
23/11/2001,26.13,A
24/11/2001,26.47,A
25/11/2001,27.2,A
26/11/2001,23.92,A
27/11/2001,25.39,A
28/11/2001,26.99,A
29/11/2001,27.28,A
30/11/2001,27.81,A
01/12/2001,26.62,A
02/12/2001,26.35,A
03/12/2001,26.42,A
04/12/2001,26.86,A
05/12/2001,27.86,A
06/12/2001,27.03,A
07/12/2001,25.74,A
08/12/2001,25.55,A
09/12/2001,25.93,A
10/12/2001,27.57,A
11/12/2001,27.96,A
12/12/2001,25.34,A
13/12/2001,25.01,A
14/12/2001,25.35,A
15/12/2001,24.49,A
16/12/2001,25.36,A
17/12/2001,25.9,A
18/12/2001,26.42,A
19/12/2001,24.89,A
20/12/2001,26.87,A
21/12/2001,27.06,A
22/12/2001,25.84,A
23/12/2001,27.07,A
24/12/2001,27.56,A
25/12/2001,28.43,A
26/12/2001,27.31,A
27/12/2001,28.5,A
28/12/2001,26.11,A
29/12/2001,26.17,A
30/12/2001,26.58,A
31/12/2001,27.47,A
01/01/2002,28.33,A
02/01/2002,28.25,A
03/01/2002,27.57,A
04/01/2002,27.78,A
05/01/2002,26.79,A
06/01/2002,26.58,A
07/01/2002,26.45,A
08/01/2002,28.09,A
09/01/2002,29.62,A
10/01/2002,29.76,A
11/01/2002,28.14,A
12/01/2002,28.7,A
13/01/2002,31.3,A
14/01/2002,27.63,A
15/01/2002,24.33,A
16/01/2002,26.57,A
17/01/2002,27.51,A
18/01/2002,26.18,A
19/01/2002,27.42,A
20/01/2002,28.84,A
21/01/2002,28.86,A
22/01/2002,29.24,A
23/01/2002,30.65,A
24/01/2002,28.13,A
25/01/2002,28.56,A
26/01/2002,27.47,A
27/01/2002,27.31,A
28/01/2002,27.74,A
29/01/2002,27.07,A
30/01/2002,27.86,A
31/01/2002,28.31,A
01/02/2002,27.23,A
02/02/2002,26.61,A
03/02/2002,27.88,A
04/02/2002,28.98,A
05/02/2002,29.31,A
06/02/2002,27.74,A
07/02/2002,29.46,A
08/02/2002,31.78,A
09/02/2002,31.23,A
10/02/2002,30.21,A
11/02/2002,31.63,A
12/02/2002,31.88,A
13/02/2002,31.1,A
14/02/2002,30.51,A
15/02/2002,31,A
16/02/2002,29.97,A
17/02/2002,30.46,A
18/02/2002,29.62,A
19/02/2002,28.49,A
20/02/2002,28.72,A
21/02/2002,29.11,A
22/02/2002,27.47,A
23/02/2002,26.38,A
24/02/2002,26.33,A
25/02/2002,29.33,A
26/02/2002,29.55,A
27/02/2002,29.74,A
28/02/2002,29.91,A
01/03/2002,29.95,A
02/03/2002,30.52,A
03/03/2002,30.69,A
04/03/2002,27.96,A
05/03/2002,27.46,A
06/03/2002,27.28,A
07/03/2002,27.88,A
08/03/2002,31.25,A
09/03/2002,31.75,A
10/03/2002,30.13,A
11/03/2002,23.84,A
12/03/2002,26.48,A
13/03/2002,27.42,A
14/03/2002,27.28,A
15/03/2002,28.56,A
16/03/2002,27.47,A
17/03/2002,28.8,A
18/03/2002,30.68,A
19/03/2002,29.87,A
20/03/2002,28.52,A
21/03/2002,25.43,A
22/03/2002,27.56,A
23/03/2002,28.43,A
24/03/2002,28.86,A
25/03/2002,29.33,A
26/03/2002,30.18,A
27/03/2002,30.6,A
28/03/2002,29.76,A
29/03/2002,30.47,A
30/03/2002,30.12,A
31/03/2002,29.59,A
01/04/2002,29.45,A
02/04/2002,27.66,A
03/04/2002,27.48,A
04/04/2002,29.45,A
05/04/2002,29.04,A
06/04/2002,29.48,A
07/04/2002,27.84,A
08/04/2002,27.6,A
09/04/2002,28.54,A
10/04/2002,30.64,A
11/04/2002,31.42,A
12/04/2002,30.24,A
13/04/2002,28.01,A
14/04/2002,28.25,A
15/04/2002,23.7,A
16/04/2002,26.37,A
17/04/2002,25.54,A
18/04/2002,26.61,A
19/04/2002,26.63,A
20/04/2002,27.45,A
21/04/2002,28.66,A
22/04/2002,28.42,A
23/04/2002,25.99,A
24/04/2002,27.46,A
25/04/2002,26.94,A
26/04/2002,26.95,A
27/04/2002,29.12,A
28/04/2002,26.7,A
29/04/2002,25.71,A
30/04/2002,23.65,A
01/05/2002,28.06,A
02/05/2002,28.56,A
03/05/2002,29.36,A
04/05/2002,30.22,A
05/05/2002,27.91,A
06/05/2002,27.52,A
07/05/2002,29.88,A
08/05/2002,25.38,A
09/05/2002,30.53,A
10/05/2002,28.59,A
11/05/2002,27.35,A
12/05/2002,28.7,A
13/05/2002,28.86,A
14/05/2002,27.43,A
15/05/2002,29.45,A
16/05/2002,29.57,A
17/05/2002,29.33,A
18/05/2002,27.35,A
19/05/2002,26.17,A
20/05/2002,25.31,A
21/05/2002,26.83,A
22/05/2002,26.4,A
23/05/2002,29.98,A
24/05/2002,29.71,A
25/05/2002,28.27,A
26/05/2002,26.72,A
27/05/2002,28.19,A
28/05/2002,27.71,A
29/05/2002,27.91,A
30/05/2002,27.35,A
31/05/2002,29.59,A
01/06/2002,29.92,A
02/06/2002,28.88,A
03/06/2002,29.27,A
04/06/2002,30.44,A
05/06/2002,27.77,A
06/06/2002,28.31,A
07/06/2002,27.03,A
08/06/2002,25.21,A
09/06/2002,28.02,A
10/06/2002,30.82,A
11/06/2002,28.5,A
12/06/2002,30.13,A
13/06/2002,30.25,A
14/06/2002,28.65,A
15/06/2002,28.08,A
16/06/2002,27.39,A
17/06/2002,23.81,A
18/06/2002,26.71,A
19/06/2002,28.05,A
20/06/2002,29.12,A
21/06/2002,27.17,A
22/06/2002,28.03,A
23/06/2002,28.91,A
24/06/2002,29.07,A
25/06/2002,28.33,A
26/06/2002,30.13,A
27/06/2002,31.28,A
28/06/2002,28.43,A
29/06/2002,28.57,A
30/06/2002,29.65,A
01/07/2002,30.24,A
02/07/2002,27.64,A
03/07/2002,26.48,A
04/07/2002,29.26,A
05/07/2002,28.03,A
06/07/2002,26.9,A
07/07/2002,26.75,A
08/07/2002,29.18,A
09/07/2002,29.7,A
10/07/2002,30.56,A
11/07/2002,31.28,A
12/07/2002,30.44,A
13/07/2002,30.03,A
14/07/2002,30.24,A
15/07/2002,30.4,A
16/07/2002,30.92,A
17/07/2002,29.85,A
18/07/2002,38.03,A
19/07/2002,31.83,A
20/07/2002,29.37,A
21/07/2002,28.47,A
22/07/2002,28.29,A
23/07/2002,28.61,A
24/07/2002,29.42,A
25/07/2002,29.39,A
26/07/2002,28.66,A
27/07/2002,30.83,A
28/07/2002,27.52,A
29/07/2002,25.35,A
30/07/2002,28.83,A
31/07/2002,26.53,A
01/08/2002,24.7,A
02/08/2002,29.14,A
03/08/2002,30,A
04/08/2002,26.83,A
05/08/2002,26.91,A
06/08/2002,27.71,A
07/08/2002,28.83,A
08/08/2002,26.56,A
09/08/2002,27.32,A
10/08/2002,28.65,A
11/08/2002,24.29,A
12/08/2002,25.21,A
13/08/2002,27.99,A
14/08/2002,28.61,A
15/08/2002,28.94,A
16/08/2002,30.56,A
17/08/2002,29.98,A
18/08/2002,28.02,A
19/08/2002,27.42,A
20/08/2002,27.87,A
21/08/2002,28.88,A
22/08/2002,27.35,A
23/08/2002,27.23,A
24/08/2002,28.19,A
25/08/2002,24.95,A
26/08/2002,28.4,A
27/08/2002,28.2,A
28/08/2002,29.45,A
29/08/2002,29.48,A
30/08/2002,29.15,A
31/08/2002,29.95,A
01/09/2002,27.57,A
02/09/2002,27.42,A
03/09/2002,28.4,A
04/09/2002,28.7,A
05/09/2002,29.24,A
06/09/2002,29.62,A
07/09/2002,29.39,A
08/09/2002,28.6,A
09/09/2002,29.39,A
10/09/2002,31,A
11/09/2002,30.01,A
12/09/2002,29.46,A
13/09/2002,29.32,A
14/09/2002,28.09,A
15/09/2002,26.99,A
16/09/2002,27.71,A
17/09/2002,28.12,A
18/09/2002,26.05,A
19/09/2002,26.8,A
20/09/2002,26.88,A
21/09/2002,29.22,A
22/09/2002,29.36,A
23/09/2002,29.01,A
24/09/2002,28.92,A
25/09/2002,29.61,A
26/09/2002,28.65,A
27/09/2002,30.96,A
28/09/2002,29.91,A
29/09/2002,29.21,A
30/09/2002,29.6,A
01/10/2002,30.5,A
02/10/2002,27.87,A
03/10/2002,27.27,A
04/10/2002,26.98,A
05/10/2002,28.62,A
06/10/2002,27.87,A
07/10/2002,28.53,A
08/10/2002,29.23,A
09/10/2002,29.88,A
10/10/2002,27.85,A
11/10/2002,27.77,A
12/10/2002,29.01,A
13/10/2002,29.29,A
14/10/2002,28.53,A
15/10/2002,29.97,A
16/10/2002,29.02,A
17/10/2002,29.76,A
18/10/2002,29.7,A
19/10/2002,28.42,A
20/10/2002,29.29,A
21/10/2002,29.01,A
22/10/2002,29.07,A
23/10/2002,29.07,A
24/10/2002,29.57,A
25/10/2002,27.65,A
26/10/2002,26.77,A
27/10/2002,25.05,A
28/10/2002,26.26,A
29/10/2002,23.44,A
30/10/2002,25.66,A
31/10/2002,26.79,A
01/11/2002,26.94,A
02/11/2002,27.31,A
03/11/2002,28.39,A
04/11/2002,26.75,A
05/11/2002,25.86,A
06/11/2002,22.64,A
07/11/2002,22.34,A
08/11/2002,25.03,A
09/11/2002,27.01,A
10/11/2002,26.45,A
11/11/2002,27.27,A
12/11/2002,27.85,A
13/11/2002,28.41,A
14/11/2002,28.82,A
15/11/2002,27.87,A
16/11/2002,27.36,A
17/11/2002,26.83,A
18/11/2002,26.58,A
19/11/2002,26.53,A
20/11/2002,27.41,A
21/11/2002,28.85,A
22/11/2002,27.47,A
23/11/2002,27.03,A
24/11/2002,27.18,A
25/11/2002,27.57,A
26/11/2002,28.23,A
27/11/2002,27.7,A
28/11/2002,26.64,A
29/11/2002,25.89,A
30/11/2002,26.04,A
01/12/2002,27.87,A
02/12/2002,27.95,A
03/12/2002,26.82,A
04/12/2002,24.49,A
05/12/2002,24.51,A
06/12/2002,25.47,A
07/12/2002,26.13,A
08/12/2002,26.56,A
09/12/2002,21.69,A
10/12/2002,23.23,A
11/12/2002,25.29,A
12/12/2002,25.45,A
13/12/2002,26.1,A
14/12/2002,26.72,A
15/12/2002,26.76,A
16/12/2002,27.67,A
17/12/2002,27.2,A
18/12/2002,28.25,A
19/12/2002,29,A
20/12/2002,29.28,A
21/12/2002,27.42,A
22/12/2002,26.64,A
23/12/2002,27.99,A
24/12/2002,28.33,A
25/12/2002,27.82,A
26/12/2002,27.16,A
27/12/2002,25.91,A
28/12/2002,27.12,A
29/12/2002,27.79,A
30/12/2002,26.57,A
31/12/2002,26.65,A
01/01/2003,27.17,A
02/01/2003,27.25,A
03/01/2003,27.61,A
04/01/2003,27.99,A
05/01/2003,27.45,A
06/01/2003,24.98,A
07/01/2003,25.34,A
08/01/2003,27.35,A
09/01/2003,29.11,A
10/01/2003,29.42,A
11/01/2003,27.03,A
12/01/2003,26.6,A
13/01/2003,26.74,A
14/01/2003,29.77,A
15/01/2003,28.62,A
16/01/2003,28.37,A
17/01/2003,28.38,A
18/01/2003,29.03,A
19/01/2003,27.64,A
20/01/2003,27.38,A
21/01/2003,28.75,A
22/01/2003,28.42,A
23/01/2003,27.78,A
24/01/2003,28.45,A
25/01/2003,30.01,A
26/01/2003,30.96,A
27/01/2003,30.24,A
28/01/2003,29.74,A
29/01/2003,29.79,A
30/01/2003,29.04,A
31/01/2003,28.49,A
01/02/2003,29.13,A
02/02/2003,28.62,A
03/02/2003,28.06,A
04/02/2003,31.35,A
05/02/2003,32.64,A
06/02/2003,32.07,A
07/02/2003,30.5,A
08/02/2003,29.12,A
09/02/2003,31.1,A
10/02/2003,31.91,A
11/02/2003,31.8,A
12/02/2003,29.42,A
13/02/2003,31.03,A
14/02/2003,31.52,A
15/02/2003,31.38,A
16/02/2003,29.88,A
17/02/2003,29.48,A
18/02/2003,29.31,A
19/02/2003,30.62,A
20/02/2003,30.31,A
21/02/2003,28.88,A
22/02/2003,28.4,A
23/02/2003,30.38,A
24/02/2003,30.51,A
25/02/2003,30.06,A
26/02/2003,29.77,A
27/02/2003,30.83,A
28/02/2003,31.69,A
01/03/2003,29.48,A
02/03/2003,29.02,A
03/03/2003,28.05,A
04/03/2003,28.92,A
05/03/2003,29.59,A
06/03/2003,30.94,A
07/03/2003,30.97,A
08/03/2003,29.15,A
09/03/2003,30.53,A
10/03/2003,30.07,A
11/03/2003,31.2,A
12/03/2003,31.31,A
13/03/2003,31.46,A
14/03/2003,30.15,A
15/03/2003,28.67,A
16/03/2003,29.4,A
17/03/2003,30.5,A
18/03/2003,30,A
19/03/2003,30.06,A
20/03/2003,29.58,A
21/03/2003,31.19,A
22/03/2003,31.03,A
23/03/2003,30.82,A
24/03/2003,26.22,A
25/03/2003,28.56,A
26/03/2003,27.54,A
27/03/2003,26.17,A
28/03/2003,28.81,A
29/03/2003,30.03,A
30/03/2003,29.57,A
31/03/2003,27.78,A
01/04/2003,28.88,A
02/04/2003,29.29,A
03/04/2003,29.05,A
04/04/2003,28.27,A
05/04/2003,28.92,A
06/04/2003,29.92,A
07/04/2003,28.09,A
08/04/2003,28.86,A
09/04/2003,29.55,A
10/04/2003,30.86,A
11/04/2003,31.28,A
12/04/2003,31.71,A
13/04/2003,32.53,A
14/04/2003,31.6,A
15/04/2003,30.42,A
16/04/2003,27.04,A
17/04/2003,27.92,A
18/04/2003,26.13,A
19/04/2003,26.6,A
20/04/2003,27.33,A
21/04/2003,28.3,A
22/04/2003,27.28,A
23/04/2003,27.95,A
24/04/2003,27.14,A
25/04/2003,28.4,A
26/04/2003,29.55,A
27/04/2003,31.2,A
28/04/2003,28.68,A
29/04/2003,27.18,A
30/04/2003,28.36,A
01/05/2003,26.1,A
02/05/2003,27.96,A
03/05/2003,29.74,A
04/05/2003,30,A
05/05/2003,29.25,A
06/05/2003,30.45,A
07/05/2003,29.74,A
08/05/2003,28.72,A
09/05/2003,29.68,A
10/05/2003,29.18,A
11/05/2003,29.14,A
12/05/2003,30.06,A
13/05/2003,29.48,A
14/05/2003,29.48,A
15/05/2003,27.22,A
16/05/2003,28.66,A
17/05/2003,28.99,A
18/05/2003,28.33,A
19/05/2003,29.24,A
20/05/2003,25.54,A
21/05/2003,26.39,A
22/05/2003,25.95,A
23/05/2003,27.46,A
24/05/2003,28.76,A
25/05/2003,28.65,A
26/05/2003,27.92,A
27/05/2003,29.27,A
28/05/2003,28.39,A
29/05/2003,25.03,A
30/05/2003,25.23,A
31/05/2003,25.74,A
01/06/2003,26.99,A
02/06/2003,28.98,A
03/06/2003,29.12,A
04/06/2003,28.63,A
05/06/2003,30.03,A
06/06/2003,31.02,A
07/06/2003,30.54,A
08/06/2003,29.45,A
09/06/2003,30.24,A
10/06/2003,30.89,A
11/06/2003,25.18,A
12/06/2003,26.15,A
13/06/2003,30.1,A
14/06/2003,29.2,A
15/06/2003,28.79,A
16/06/2003,28.25,A
17/06/2003,29.97,A
18/06/2003,28.4,A
19/06/2003,27.34,A
20/06/2003,26.49,A
21/06/2003,27.25,A
22/06/2003,28.7,A
23/06/2003,26.6,A
24/06/2003,24.81,A
25/06/2003,27.99,A
26/06/2003,29.24,A
27/06/2003,28.52,A
28/06/2003,28.81,A
29/06/2003,28.23,A
30/06/2003,27.81,A
01/07/2003,28.81,A
02/07/2003,29.55,A
03/07/2003,30.89,A
04/07/2003,29.52,A
05/07/2003,27.76,A
06/07/2003,27.13,A
07/07/2003,27.16,A
08/07/2003,24.77,A
09/07/2003,26.44,A
10/07/2003,25.73,A
11/07/2003,24.67,A
12/07/2003,25.96,A
13/07/2003,26.85,A
14/07/2003,26.42,A
15/07/2003,28.69,A
16/07/2003,27.02,A
17/07/2003,29.24,A
18/07/2003,27.21,A
19/07/2003,29.88,A
20/07/2003,29.88,A
21/07/2003,28.98,A
22/07/2003,28.95,A
23/07/2003,30.01,A
24/07/2003,31.35,A
25/07/2003,28.09,A
26/07/2003,29.15,A
27/07/2003,28.89,A
28/07/2003,29.33,A
29/07/2003,30.4,A
30/07/2003,29.02,A
31/07/2003,29.08,A
01/08/2003,22.93,A
02/08/2003,28.19,A
03/08/2003,25.32,A
04/08/2003,27.02,A
05/08/2003,27.35,A
06/08/2003,25.57,A
07/08/2003,23.46,A
08/08/2003,25.81,A
09/08/2003,27.01,A
10/08/2003,23.71,A
11/08/2003,26.87,A
12/08/2003,30.5,A
13/08/2003,30.12,A
14/08/2003,31.07,A
15/08/2003,28.4,A
16/08/2003,27.99,A
17/08/2003,26.58,A
18/08/2003,27.87,A
19/08/2003,29.09,A
20/08/2003,27.78,A
21/08/2003,28.49,A
22/08/2003,24.63,A
23/08/2003,25.84,A
24/08/2003,28.86,A
25/08/2003,27,A
26/08/2003,26.88,A
27/08/2003,27.64,A
28/08/2003,26.54,A
29/08/2003,27.64,A
30/08/2003,29.83,A
31/08/2003,28.54,A
01/09/2003,27.32,A
02/09/2003,26.84,A
03/09/2003,28.34,A
04/09/2003,29.62,A
05/09/2003,30.22,A
06/09/2003,30.86,A
07/09/2003,28.53,A
08/09/2003,25.99,A
09/09/2003,28.93,A
10/09/2003,28.25,A
11/09/2003,29.4,A
12/09/2003,30.48,A
13/09/2003,30.74,A
14/09/2003,29.09,A
15/09/2003,28.17,A
16/09/2003,28.62,A
17/09/2003,29.37,A
18/09/2003,28.57,A
19/09/2003,27.72,A
20/09/2003,29.37,A
21/09/2003,29.81,A
22/09/2003,29.37,A
23/09/2003,29.41,A
24/09/2003,30.3,A
25/09/2003,29.15,A
26/09/2003,28.52,A
27/09/2003,29.19,A
28/09/2003,27.83,A
29/09/2003,30.02,A
30/09/2003,27.88,A
01/10/2003,28.28,A
02/10/2003,28.72,A
03/10/2003,29.63,A
04/10/2003,29.57,A
05/10/2003,28.89,A
06/10/2003,30.22,A
07/10/2003,30.81,A
08/10/2003,31.07,A
09/10/2003,30.26,A
10/10/2003,29.89,A
11/10/2003,30.22,A
12/10/2003,30.3,A
13/10/2003,30.91,A
14/10/2003,30.42,A
15/10/2003,31.27,A
16/10/2003,28.93,A
17/10/2003,29.42,A
18/10/2003,27.5,A
19/10/2003,28.57,A
20/10/2003,28.6,A
21/10/2003,28.71,A
22/10/2003,26.22,A
23/10/2003,26.68,A
24/10/2003,21.03,A
25/10/2003,24.68,A
26/10/2003,27.6,A
27/10/2003,28.8,A
28/10/2003,26.46,A
29/10/2003,24.71,A
30/10/2003,27.45,A
31/10/2003,26.51,A
01/11/2003,27.71,A
02/11/2003,26.46,A
03/11/2003,25.53,A
04/11/2003,26.35,A
05/11/2003,26.62,A
06/11/2003,26.17,A
07/11/2003,28.32,A
08/11/2003,27.33,A
09/11/2003,28.86,A
10/11/2003,28.78,A
11/11/2003,27.43,A
12/11/2003,28.35,A
13/11/2003,28.43,A
14/11/2003,26.78,A
15/11/2003,28.91,A
16/11/2003,27.77,A
17/11/2003,26.98,A
18/11/2003,28.31,A
19/11/2003,25.06,A
20/11/2003,22.45,A
21/11/2003,24.75,A
22/11/2003,26.27,A
23/11/2003,27.77,A
24/11/2003,27.73,A
25/11/2003,26.55,A
26/11/2003,25.66,A
27/11/2003,24.58,A
28/11/2003,27.37,A
29/11/2003,26.13,A
30/11/2003,27.33,A
01/12/2003,28.41,A
02/12/2003,25.47,A
03/12/2003,26.02,A
04/12/2003,29.45,A
05/12/2003,29.74,A
06/12/2003,28.23,A
07/12/2003,29.12,A
08/12/2003,27.98,A
09/12/2003,21.35,A
10/12/2003,24.03,A
11/12/2003,26.84,A
12/12/2003,25.73,A
13/12/2003,24.51,A
14/12/2003,24.36,A
15/12/2003,24.82,A
16/12/2003,25.87,A
17/12/2003,27.51,A
18/12/2003,27.81,A
19/12/2003,28.28,A
20/12/2003,28.83,A
21/12/2003,27.32,A
22/12/2003,28.63,A
23/12/2003,25.96,A
24/12/2003,24.71,A
25/12/2003,25.82,A
26/12/2003,27.24,A
27/12/2003,27.95,A
28/12/2003,26.81,A
29/12/2003,25.8,A
30/12/2003,24.99,A
31/12/2003,24.5,A
01/01/2004,26.47,A
02/01/2004,28.86,A
03/01/2004,27.86,A
04/01/2004,27.88,A
05/01/2004,27.11,A
06/01/2004,27.78,A
07/01/2004,22.85,A
08/01/2004,26.18,A
09/01/2004,28.59,A
10/01/2004,27.7,A
11/01/2004,27.44,A
12/01/2004,28.56,A
13/01/2004,28.78,A
14/01/2004,31.69,A
15/01/2004,28.42,A
16/01/2004,22.97,A
17/01/2004,25.64,A
18/01/2004,26.37,A
19/01/2004,27.39,A
20/01/2004,28.32,A
21/01/2004,27.53,A
22/01/2004,29.95,A
23/01/2004,33.49,A
24/01/2004,30.09,A
25/01/2004,26.64,A
26/01/2004,27.2,A
27/01/2004,27.56,A
28/01/2004,29.28,A
29/01/2004,29.36,A
30/01/2004,28.86,A
31/01/2004,28.88,A
01/02/2004,31.4,A
02/02/2004,27.44,A
03/02/2004,28.55,A
04/02/2004,27.74,A
05/02/2004,29.17,A
06/02/2004,28.97,A
07/02/2004,27.61,A
08/02/2004,27.57,A
09/02/2004,24.62,A
10/02/2004,26.92,A
11/02/2004,26.7,A
12/02/2004,27.96,A
13/02/2004,30.3,A
14/02/2004,31.74,A
15/02/2004,31.19,A
16/02/2004,28.93,A
17/02/2004,29.23,A
18/02/2004,30.1,A
19/02/2004,32.84,A
20/02/2004,28.83,A
21/02/2004,31.88,A
22/02/2004,30.63,A
23/02/2004,28.56,A
24/02/2004,28.39,A
25/02/2004,28.73,A
26/02/2004,31.8,A
27/02/2004,30.52,A
28/02/2004,30.39,A
29/02/2004,30.28,A
01/03/2004,28.56,A
02/03/2004,28.7,A
03/03/2004,28.99,A
04/03/2004,30.42,A
05/03/2004,31.72,A
06/03/2004,31.38,A
07/03/2004,31.22,A
08/03/2004,30.25,A
09/03/2004,29.86,A
10/03/2004,30.21,A
11/03/2004,29.53,A
12/03/2004,24.27,A
13/03/2004,28,A
14/03/2004,29.4,A
15/03/2004,31.02,A
16/03/2004,30.17,A
17/03/2004,30.79,A
18/03/2004,29.99,A
19/03/2004,29.09,A
20/03/2004,32.27,A
21/03/2004,30.97,A
22/03/2004,29.55,A
23/03/2004,29.84,A
24/03/2004,29.86,A
25/03/2004,31.47,A
26/03/2004,31.42,A
27/03/2004,29.34,A
28/03/2004,28.98,A
29/03/2004,29.08,A
30/03/2004,30.18,A
31/03/2004,31.63,A
01/04/2004,24.88,A
02/04/2004,27.3,A
03/04/2004,27.78,A
04/04/2004,28.27,A
05/04/2004,29.74,A
06/04/2004,28.56,A
07/04/2004,28.4,A
08/04/2004,27.21,A
09/04/2004,28.54,A
10/04/2004,29.39,A
11/04/2004,29.91,A
12/04/2004,28.85,A
13/04/2004,25.29,A
14/04/2004,25.69,A
15/04/2004,27.58,A
16/04/2004,28.13,A
17/04/2004,29.92,A
18/04/2004,31.38,A
19/04/2004,31.82,A
20/04/2004,27.65,A
21/04/2004,28.96,A
22/04/2004,27.3,A
23/04/2004,28.37,A
24/04/2004,27.05,A
25/04/2004,28.92,A
26/04/2004,27.59,A
27/04/2004,27.93,A
28/04/2004,26.69,A
29/04/2004,29.53,A
30/04/2004,29.34,A
01/05/2004,29.19,A
02/05/2004,29.46,A
03/05/2004,25.66,A
04/05/2004,27.85,A
05/05/2004,28.34,A
06/05/2004,29.64,A
07/05/2004,29.62,A
08/05/2004,29.21,A
09/05/2004,31.9,A
10/05/2004,31.23,A
11/05/2004,32.11,A
12/05/2004,29.27,A
13/05/2004,30.4,A
14/05/2004,30.6,A
15/05/2004,30.21,A
16/05/2004,30.07,A
17/05/2004,30.36,A
18/05/2004,29.89,A
19/05/2004,38.78,A
20/05/2004,28.64,A
21/05/2004,29.7,A
22/05/2004,29.57,A
23/05/2004,29.95,A
24/05/2004,29.05,A
25/05/2004,29.18,A
26/05/2004,30.47,A
27/05/2004,31.2,A
28/05/2004,30.99,A
29/05/2004,29.81,A
30/05/2004,30.89,A
31/05/2004,29.9,A
01/06/2004,28.26,A
02/06/2004,29.7,A
03/06/2004,30.97,A
04/06/2004,29.49,A
05/06/2004,30.72,A
06/06/2004,27.64,A
07/06/2004,24.56,A
08/06/2004,28.17,A
09/06/2004,30.39,A
10/06/2004,29.74,A
11/06/2004,30.01,A
12/06/2004,29.68,A
13/06/2004,31.74,A
14/06/2004,30.94,A
15/06/2004,30.54,A
16/06/2004,29.68,A
17/06/2004,31.58,A
18/06/2004,30.01,A
19/06/2004,28.12,A
20/06/2004,30.73,A
21/06/2004,28.19,A
22/06/2004,30.27,A
23/06/2004,26.81,A
24/06/2004,24.78,A
25/06/2004,25.97,A
26/06/2004,27.19,A
27/06/2004,27.93,A
28/06/2004,25.14,A
29/06/2004,25.7,A
30/06/2004,27.04,A
01/07/2004,27.61,A
02/07/2004,27.59,A
03/07/2004,30.35,A
04/07/2004,30.46,A
05/07/2004,31,A
06/07/2004,31.88,A
07/07/2004,28.25,A
08/07/2004,28.02,A
09/07/2004,28.63,A
10/07/2004,27.14,A
11/07/2004,28.7,A
12/07/2004,29.31,A
13/07/2004,30.57,A
14/07/2004,31.13,A
15/07/2004,29.43,A
16/07/2004,28.74,A
17/07/2004,28.36,A
18/07/2004,29.5,A
19/07/2004,27.98,A
20/07/2004,29.17,A
21/07/2004,27.19,A
22/07/2004,29.06,A
23/07/2004,28.43,A
24/07/2004,29.32,A
25/07/2004,31.28,A
26/07/2004,30.77,A
27/07/2004,31.47,A
28/07/2004,33.04,A
29/07/2004,27.84,A
30/07/2004,29.59,A
31/07/2004,28.3,A
01/08/2004,25.97,A
02/08/2004,26.12,A
03/08/2004,26.85,A
04/08/2004,27.46,A
05/08/2004,26.82,A
06/08/2004,29.4,A
07/08/2004,31.17,A
08/08/2004,29.18,A
09/08/2004,28.91,A
10/08/2004,30.72,A
11/08/2004,28.03,A
12/08/2004,27.12,A
13/08/2004,28.65,A
14/08/2004,28.22,A
15/08/2004,30.88,A
16/08/2004,31.05,A
17/08/2004,30.48,A
18/08/2004,26.61,A
19/08/2004,24.84,A
20/08/2004,28.46,A
21/08/2004,28.88,A
22/08/2004,30.66,A
23/08/2004,29.96,A
24/08/2004,28.91,A
25/08/2004,30.17,A
26/08/2004,30.52,A
27/08/2004,29.32,A
28/08/2004,28.81,A
29/08/2004,27.56,A
30/08/2004,28.66,A
31/08/2004,28.97,A
01/09/2004,30.07,A
02/09/2004,30.96,A
03/09/2004,30.24,A
04/09/2004,29.66,A
05/09/2004,30.24,A
06/09/2004,30.03,A
07/09/2004,30.86,A
08/09/2004,29.44,A
09/09/2004,29.74,A
10/09/2004,28.93,A
11/09/2004,29.01,A
12/09/2004,30.68,A
13/09/2004,29.71,A
14/09/2004,27.1,A
15/09/2004,25.27,A
16/09/2004,28.5,A
17/09/2004,30.15,A
18/09/2004,29.69,A
19/09/2004,29.66,A
20/09/2004,30.17,A
21/09/2004,28.74,A
22/09/2004,28.87,A
23/09/2004,29.61,A
24/09/2004,30.16,A
25/09/2004,29.7,A
26/09/2004,29.72,A
27/09/2004,28.89,A
28/09/2004,25.44,A
29/09/2004,26.22,A
30/09/2004,27.81,A
01/10/2004,27.34,A
02/10/2004,27,A
03/10/2004,26.31,A
04/10/2004,27.92,A
05/10/2004,30.51,A
06/10/2004,29.94,A
07/10/2004,29.42,A
08/10/2004,30.45,A
09/10/2004,30.23,A
10/10/2004,29.81,A
11/10/2004,28.64,A
12/10/2004,28.76,A
13/10/2004,29.87,A
14/10/2004,28.19,A
15/10/2004,25.98,A
16/10/2004,25.99,A
17/10/2004,27.32,A
18/10/2004,27.35,A
19/10/2004,26.05,A
20/10/2004,26.57,A
21/10/2004,27.04,A
22/10/2004,28.65,A
23/10/2004,27.22,A
24/10/2004,28.24,A
25/10/2004,26.7,A
26/10/2004,25.56,A
27/10/2004,25.2,A
28/10/2004,26.85,A
29/10/2004,26.73,A
30/10/2004,27.87,A
31/10/2004,28.02,A
01/11/2004,28.5,A
02/11/2004,26.46,A
03/11/2004,28.04,A
04/11/2004,26.99,A
05/11/2004,26.71,A
06/11/2004,NA,A
07/11/2004,26.28,A
08/11/2004,26.56,A
09/11/2004,27.93,A
10/11/2004,28.15,A
11/11/2004,28.19,A
12/11/2004,27.76,A
13/11/2004,25.58,A
14/11/2004,24.5,A
15/11/2004,27.07,A
16/11/2004,27.36,A
17/11/2004,26.01,A
18/11/2004,23.92,A
19/11/2004,25.3,A
20/11/2004,29.46,A
21/11/2004,28.96,A
22/11/2004,28.42,A
23/11/2004,28.2,A
24/11/2004,27.22,A
25/11/2004,23.79,A
26/11/2004,25.04,A
27/11/2004,25.74,A
28/11/2004,25.22,A
29/11/2004,25.98,A
30/11/2004,24.44,A
01/12/2004,25.42,A
02/12/2004,27.52,A
03/12/2004,24.35,A
04/12/2004,26.37,A
05/12/2004,25.82,A
06/12/2004,25.31,A
07/12/2004,24.53,A
08/12/2004,23.37,A
09/12/2004,25.86,A
10/12/2004,26.47,A
11/12/2004,26.28,A
12/12/2004,27.06,A
13/12/2004,26.99,A
14/12/2004,27.46,A
15/12/2004,28.19,A
16/12/2004,27.67,A
17/12/2004,27.25,A
18/12/2004,26.37,A
19/12/2004,26.6,A
20/12/2004,28.16,A
21/12/2004,28.54,A
22/12/2004,28.84,A
23/12/2004,28.56,A
24/12/2004,27.86,A
25/12/2004,28.29,A
26/12/2004,27.86,A
27/12/2004,27.68,A
28/12/2004,28.96,A
29/12/2004,28.23,A
30/12/2004,26.55,A
31/12/2004,26.69,A
01/01/2011,NA,B
02/01/2011,NA,B
03/01/2011,NA,B
04/01/2011,NA,B
05/01/2011,NA,B
06/01/2011,NA,B
07/01/2011,NA,B
08/01/2011,NA,B
09/01/2011,NA,B
10/01/2011,NA,B
11/01/2011,NA,B
12/01/2011,NA,B
13/01/2011,NA,B
14/01/2011,NA,B
15/01/2011,NA,B
16/01/2011,NA,B
17/01/2011,NA,B
18/01/2011,NA,B
19/01/2011,NA,B
20/01/2011,NA,B
21/01/2011,NA,B
22/01/2011,NA,B
23/01/2011,NA,B
24/01/2011,NA,B
25/01/2011,NA,B
26/01/2011,NA,B
27/01/2011,NA,B
28/01/2011,NA,B
29/01/2011,NA,B
30/01/2011,NA,B
31/01/2011,NA,B
01/02/2011,NA,B
02/02/2011,NA,B
03/02/2011,NA,B
04/02/2011,NA,B
05/02/2011,NA,B
06/02/2011,NA,B
07/02/2011,NA,B
08/02/2011,NA,B
09/02/2011,NA,B
10/02/2011,NA,B
11/02/2011,NA,B
12/02/2011,NA,B
13/02/2011,NA,B
14/02/2011,NA,B
15/02/2011,NA,B
16/02/2011,NA,B
17/02/2011,NA,B
18/02/2011,NA,B
19/02/2011,NA,B
20/02/2011,NA,B
21/02/2011,NA,B
22/02/2011,NA,B
23/02/2011,NA,B
24/02/2011,NA,B
25/02/2011,NA,B
26/02/2011,NA,B
27/02/2011,NA,B
28/02/2011,NA,B
01/03/2011,NA,B
02/03/2011,NA,B
03/03/2011,NA,B
04/03/2011,NA,B
05/03/2011,NA,B
06/03/2011,NA,B
07/03/2011,NA,B
08/03/2011,NA,B
09/03/2011,NA,B
10/03/2011,NA,B
11/03/2011,NA,B
12/03/2011,NA,B
13/03/2011,NA,B
14/03/2011,NA,B
15/03/2011,NA,B
16/03/2011,NA,B
17/03/2011,NA,B
18/03/2011,NA,B
19/03/2011,NA,B
20/03/2011,NA,B
21/03/2011,NA,B
22/03/2011,NA,B
23/03/2011,NA,B
24/03/2011,NA,B
25/03/2011,NA,B
26/03/2011,NA,B
27/03/2011,NA,B
28/03/2011,NA,B
29/03/2011,NA,B
30/03/2011,NA,B
31/03/2011,NA,B
01/04/2011,NA,B
02/04/2011,NA,B
03/04/2011,NA,B
04/04/2011,NA,B
05/04/2011,NA,B
06/04/2011,NA,B
07/04/2011,NA,B
08/04/2011,NA,B
09/04/2011,NA,B
10/04/2011,NA,B
11/04/2011,NA,B
12/04/2011,NA,B
13/04/2011,NA,B
14/04/2011,NA,B
15/04/2011,NA,B
16/04/2011,NA,B
17/04/2011,NA,B
18/04/2011,NA,B
19/04/2011,NA,B
20/04/2011,NA,B
21/04/2011,NA,B
22/04/2011,NA,B
23/04/2011,NA,B
24/04/2011,NA,B
25/04/2011,NA,B
26/04/2011,NA,B
27/04/2011,28.44,B
28/04/2011,26.54,B
29/04/2011,26.72,B
30/04/2011,28.04,B
01/05/2011,26.49,B
02/05/2011,28.93,B
03/05/2011,27.5,B
04/05/2011,28.43,B
05/05/2011,27.47,B
06/05/2011,25.91,B
07/05/2011,27.29,B
08/05/2011,27.74,B
09/05/2011,26.42,B
10/05/2011,25.6,B
11/05/2011,26.23,B
12/05/2011,26.81,B
13/05/2011,27.75,B
14/05/2011,29.13,B
15/05/2011,29.21,B
16/05/2011,27.94,B
17/05/2011,27.7,B
18/05/2011,27.77,B
19/05/2011,28.04,B
20/05/2011,27.76,B
21/05/2011,27.08,B
22/05/2011,27.77,B
23/05/2011,26.25,B
24/05/2011,24.51,B
25/05/2011,25.99,B
26/05/2011,NA,B
27/05/2011,NA,B
28/05/2011,NA,B
29/05/2011,NA,B
30/05/2011,NA,B
31/05/2011,24.55,B
01/06/2011,29.36,B
02/06/2011,29.95,B
03/06/2011,26.96,B
04/06/2011,26.2,B
05/06/2011,27.5,B
06/06/2011,27.37,B
07/06/2011,27.69,B
08/06/2011,27.85,B
09/06/2011,28.29,B
10/06/2011,29.06,B
11/06/2011,29.3,B
12/06/2011,28.56,B
13/06/2011,26.69,B
14/06/2011,26.86,B
15/06/2011,27.15,B
16/06/2011,25.22,B
17/06/2011,24.88,B
18/06/2011,26.18,B
19/06/2011,26.11,B
20/06/2011,26.35,B
21/06/2011,25.11,B
22/06/2011,24.31,B
23/06/2011,25.89,B
24/06/2011,26.82,B
25/06/2011,27.64,B
26/06/2011,27.86,B
27/06/2011,27.17,B
28/06/2011,25.71,B
29/06/2011,25.82,B
30/06/2011,27.5,B
01/07/2011,27.19,B
02/07/2011,26.05,B
03/07/2011,27.5,B
04/07/2011,25.46,B
05/07/2011,26.1,B
06/07/2011,26.93,B
07/07/2011,27.27,B
08/07/2011,27.3,B
09/07/2011,25.96,B
10/07/2011,25.02,B
11/07/2011,25.2,B
12/07/2011,24.03,B
13/07/2011,26.82,B
14/07/2011,27.44,B
15/07/2011,26.38,B
16/07/2011,27.13,B
17/07/2011,26.88,B
18/07/2011,28.66,B
19/07/2011,27.95,B
20/07/2011,26.94,B
21/07/2011,27.6,B
22/07/2011,27.03,B
23/07/2011,26.35,B
24/07/2011,26.7,B
25/07/2011,25.01,B
26/07/2011,23.47,B
27/07/2011,27.24,B
28/07/2011,26.82,B
29/07/2011,26.62,B
30/07/2011,26.63,B
31/07/2011,23.83,B
01/08/2011,25.81,B
02/08/2011,24.83,B
03/08/2011,25.95,B
04/08/2011,25.66,B
05/08/2011,25.01,B
06/08/2011,25,B
07/08/2011,26.32,B
08/08/2011,24.8,B
09/08/2011,25.71,B
10/08/2011,24.01,B
11/08/2011,25.63,B
12/08/2011,24.51,B
13/08/2011,24.31,B
14/08/2011,23.39,B
15/08/2011,24.89,B
16/08/2011,25.87,B
17/08/2011,27.05,B
18/08/2011,25.73,B
19/08/2011,25.8,B
20/08/2011,26.17,B
21/08/2011,26.94,B
22/08/2011,25.87,B
23/08/2011,27.19,B
24/08/2011,27.37,B
25/08/2011,28.22,B
26/08/2011,27.93,B
27/08/2011,26.34,B
28/08/2011,25.66,B
29/08/2011,24.75,B
30/08/2011,25.43,B
31/08/2011,25.87,B
01/09/2011,25.39,B
02/09/2011,26.75,B
03/09/2011,23.25,B
04/09/2011,23.76,B
05/09/2011,24.95,B
06/09/2011,25.65,B
07/09/2011,24.82,B
08/09/2011,25.16,B
09/09/2011,25.62,B
10/09/2011,25.18,B
11/09/2011,26.71,B
12/09/2011,25.18,B
13/09/2011,25.22,B
14/09/2011,27.12,B
15/09/2011,25.87,B
16/09/2011,26.96,B
17/09/2011,26.04,B
18/09/2011,25.27,B
19/09/2011,25.57,B
20/09/2011,27.13,B
21/09/2011,28.27,B
22/09/2011,28.54,B
23/09/2011,29.61,B
24/09/2011,28.5,B
25/09/2011,27.85,B
26/09/2011,27.02,B
27/09/2011,26.37,B
28/09/2011,27.02,B
29/09/2011,27.9,B
30/09/2011,28.41,B
01/10/2011,27.83,B
02/10/2011,27.7,B
03/10/2011,28.51,B
04/10/2011,28.44,B
05/10/2011,29.55,B
06/10/2011,29.28,B
07/10/2011,29.69,B
08/10/2011,27.19,B
09/10/2011,26.75,B
10/10/2011,27.36,B
11/10/2011,26.24,B
12/10/2011,25.97,B
13/10/2011,26.86,B
14/10/2011,25.22,B
15/10/2011,21.95,B
16/10/2011,25.42,B
17/10/2011,26.12,B
18/10/2011,25.88,B
19/10/2011,23.76,B
20/10/2011,22.27,B
21/10/2011,24.11,B
22/10/2011,26.7,B
23/10/2011,27.01,B
24/10/2011,27.61,B
25/10/2011,26.42,B
26/10/2011,25.82,B
27/10/2011,26.5,B
28/10/2011,26.73,B
29/10/2011,25.08,B
30/10/2011,NA,B
31/10/2011,26.2,B
01/11/2011,26.57,B
02/11/2011,27.48,B
03/11/2011,26.54,B
04/11/2011,25.97,B
05/11/2011,25.75,B
06/11/2011,25.83,B
07/11/2011,27.11,B
08/11/2011,27.06,B
09/11/2011,24.88,B
10/11/2011,24.7,B
11/11/2011,25.39,B
12/11/2011,24.67,B
13/11/2011,23.41,B
14/11/2011,24.27,B
15/11/2011,24.21,B
16/11/2011,24.12,B
17/11/2011,24.31,B
18/11/2011,22.97,B
19/11/2011,24.52,B
20/11/2011,24.24,B
21/11/2011,26.3,B
22/11/2011,25.66,B
23/11/2011,25.28,B
24/11/2011,25.83,B
25/11/2011,24.07,B
26/11/2011,23.37,B
27/11/2011,NA,B
28/11/2011,24.82,B
29/11/2011,24.98,B
30/11/2011,24.38,B
01/12/2011,24.08,B
02/12/2011,24.38,B
03/12/2011,23.81,B
04/12/2011,24.93,B
05/12/2011,23.88,B
06/12/2011,23.91,B
07/12/2011,24.29,B
08/12/2011,24.25,B
09/12/2011,23.74,B
10/12/2011,23.81,B
11/12/2011,24.52,B
12/12/2011,24.45,B
13/12/2011,24.62,B
14/12/2011,24.75,B
15/12/2011,24.31,B
16/12/2011,25.09,B
17/12/2011,26.03,B
18/12/2011,25.55,B
19/12/2011,26,B
20/12/2011,25.15,B
21/12/2011,24.89,B
22/12/2011,24.48,B
23/12/2011,24.75,B
24/12/2011,24.96,B
25/12/2011,26.13,B
26/12/2011,26.57,B
27/12/2011,26.91,B
28/12/2011,25.21,B
29/12/2011,25.39,B
30/12/2011,24.75,B
31/12/2011,23.91,B
01/01/2012,24.75,B
02/01/2012,25.3,B
03/01/2012,26.62,B
04/01/2012,27.22,B
05/01/2012,27.38,B
06/01/2012,28.16,B
07/01/2012,26.98,B
08/01/2012,27.18,B
09/01/2012,25.86,B
10/01/2012,26.17,B
11/01/2012,27.11,B
12/01/2012,25.66,B
13/01/2012,25.76,B
14/01/2012,27.08,B
15/01/2012,28.05,B
16/01/2012,27.41,B
17/01/2012,26.73,B
18/01/2012,26.97,B
19/01/2012,26.7,B
20/01/2012,26.6,B
21/01/2012,27.88,B
22/01/2012,28.08,B
23/01/2012,27.81,B
24/01/2012,27.84,B
25/01/2012,29.21,B
26/01/2012,27.61,B
27/01/2012,28.11,B
28/01/2012,28,B
29/01/2012,28.32,B
30/01/2012,26.73,B
31/01/2012,27.04,B
01/02/2012,25.69,B
02/02/2012,27.04,B
03/02/2012,28.98,B
04/02/2012,29.05,B
05/02/2012,27.93,B
06/02/2012,27.45,B
07/02/2012,26.6,B
08/02/2012,26.84,B
09/02/2012,28.74,B
10/02/2012,28.57,B
11/02/2012,27.83,B
12/02/2012,27.77,B
13/02/2012,29.25,B
14/02/2012,27.6,B
15/02/2012,27.23,B
16/02/2012,26.53,B
17/02/2012,27.37,B
18/02/2012,28.92,B
19/02/2012,27.52,B
20/02/2012,29.11,B
21/02/2012,29.25,B
22/02/2012,29.65,B
23/02/2012,28.84,B
24/02/2012,27.2,B
25/02/2012,27.3,B
26/02/2012,30.67,B
27/02/2012,30.39,B
28/02/2012,28.84,B
29/02/2012,28.61,B
01/03/2012,29.11,B
02/03/2012,30.34,B
03/03/2012,30.22,B
04/03/2012,30.47,B
05/03/2012,30.6,B
06/03/2012,28.53,B
07/03/2012,29.51,B
08/03/2012,29.02,B
09/03/2012,26.88,B
10/03/2012,28.97,B
11/03/2012,30.51,B
12/03/2012,31.58,B
13/03/2012,30.2,B
14/03/2012,29.9,B
15/03/2012,30.64,B
16/03/2012,30.57,B
17/03/2012,32.12,B
18/03/2012,32.09,B
19/03/2012,31.82,B
20/03/2012,30.16,B
21/03/2012,29.5,B
22/03/2012,30.47,B
23/03/2012,30.33,B
24/03/2012,29.36,B
25/03/2012,29.7,B
26/03/2012,29.02,B
27/03/2012,29.82,B
28/03/2012,30.67,B
29/03/2012,31.41,B
30/03/2012,31.14,B
31/03/2012,30.37,B
01/04/2012,30.23,B
02/04/2012,29.83,B
03/04/2012,NA,B
04/04/2012,NA,B
05/04/2012,NA,B
06/04/2012,NA,B
07/04/2012,NA,B
08/04/2012,NA,B
09/04/2012,NA,B
10/04/2012,NA,B
11/04/2012,NA,B
12/04/2012,NA,B
13/04/2012,NA,B
14/04/2012,NA,B
15/04/2012,30.48,B
16/04/2012,30.13,B
17/04/2012,30.08,B
18/04/2012,30.4,B
19/04/2012,30.92,B
20/04/2012,31.07,B
21/04/2012,30.6,B
22/04/2012,28.88,B
23/04/2012,28.81,B
24/04/2012,30.77,B
25/04/2012,27.65,B
26/04/2012,30.57,B
27/04/2012,27.43,B
28/04/2012,29.7,B
29/04/2012,29.37,B
30/04/2012,28.93,B
01/05/2012,29.22,B
02/05/2012,30.1,B
03/05/2012,29.67,B
04/05/2012,29.15,B
05/05/2012,29.39,B
06/05/2012,30.14,B
07/05/2012,27.99,B
08/05/2012,30.17,B
09/05/2012,24.84,B
10/05/2012,25.64,B
11/05/2012,26.01,B
12/05/2012,26.53,B
13/05/2012,25.64,B
14/05/2012,25.58,B
15/05/2012,26.08,B
16/05/2012,26.97,B
17/05/2012,27.18,B
18/05/2012,27.11,B
19/05/2012,26.69,B
20/05/2012,26.8,B
21/05/2012,26.57,B
22/05/2012,26.94,B
23/05/2012,27,B
24/05/2012,24.13,B
25/05/2012,24.79,B
26/05/2012,23.85,B
27/05/2012,25.17,B
28/05/2012,25.89,B
29/05/2012,25.45,B
30/05/2012,25.45,B
31/05/2012,26.26,B
01/06/2012,27,B
02/06/2012,26.5,B
03/06/2012,26,B
04/06/2012,25.61,B
05/06/2012,24.52,B
06/06/2012,25.78,B
07/06/2012,26.08,B
08/06/2012,26.89,B
09/06/2012,26.45,B
10/06/2012,27.78,B
11/06/2012,26.94,B
12/06/2012,25.47,B
13/06/2012,25.62,B
14/06/2012,25.5,B
15/06/2012,24.93,B
16/06/2012,25.08,B
17/06/2012,25.97,B
18/06/2012,26.13,B
19/06/2012,24.42,B
20/06/2012,24.14,B
21/06/2012,24.33,B
22/06/2012,25.74,B
23/06/2012,26.22,B
24/06/2012,24.17,B
25/06/2012,25.43,B
26/06/2012,26.5,B
27/06/2012,27.34,B
28/06/2012,26.57,B
29/06/2012,25,B
30/06/2012,26.46,B
01/07/2012,26.33,B
02/07/2012,NA,B
03/07/2012,NA,B
04/07/2012,25.95,B
05/07/2012,25.99,B
06/07/2012,25.16,B
07/07/2012,22.78,B
08/07/2012,24.19,B
09/07/2012,25.43,B
10/07/2012,25.81,B
11/07/2012,24.54,B
12/07/2012,25.29,B
13/07/2012,26.4,B
14/07/2012,25.08,B
15/07/2012,25.82,B
16/07/2012,26.24,B
17/07/2012,25.3,B
18/07/2012,25.75,B
19/07/2012,23.54,B
20/07/2012,23.48,B
21/07/2012,26.42,B
22/07/2012,26.98,B
23/07/2012,27.13,B
24/07/2012,22.51,B
25/07/2012,25.69,B
26/07/2012,23.96,B
27/07/2012,24.13,B
28/07/2012,24.55,B
29/07/2012,25.28,B
30/07/2012,24.57,B
31/07/2012,24.36,B
01/08/2012,23.17,B
02/08/2012,27.11,B
03/08/2012,24.91,B
04/08/2012,24.95,B
05/08/2012,23.77,B
06/08/2012,27.45,B
07/08/2012,27.78,B
08/08/2012,26.19,B
09/08/2012,26.94,B
10/08/2012,27.22,B
11/08/2012,25.66,B
12/08/2012,26.96,B
13/08/2012,26.44,B
14/08/2012,25.52,B
15/08/2012,25.36,B
16/08/2012,25.61,B
17/08/2012,26.01,B
18/08/2012,23.39,B
19/08/2012,22.61,B
20/08/2012,24.74,B
21/08/2012,23.3,B
22/08/2012,26.23,B
23/08/2012,27.38,B
24/08/2012,26.34,B
25/08/2012,27.06,B
26/08/2012,25.19,B
27/08/2012,24.72,B
28/08/2012,24.94,B
29/08/2012,26.87,B
30/08/2012,21.19,B
31/08/2012,26.47,B
01/09/2012,28.31,B
02/09/2012,27.75,B
03/09/2012,26.99,B
04/09/2012,26.95,B
05/09/2012,27.58,B
06/09/2012,26.47,B
07/09/2012,26.87,B
08/09/2012,26.23,B
09/09/2012,26.64,B
10/09/2012,27.78,B
11/09/2012,28.21,B
12/09/2012,27.84,B
13/09/2012,26.1,B
14/09/2012,28.15,B
15/09/2012,28.53,B
16/09/2012,27.34,B
17/09/2012,27.88,B
18/09/2012,27.78,B
19/09/2012,28.13,B
20/09/2012,28.66,B
21/09/2012,29.14,B
22/09/2012,29.7,B
23/09/2012,29.13,B
24/09/2012,31.16,B
25/09/2012,28.8,B
26/09/2012,29.87,B
27/09/2012,28.43,B
28/09/2012,28.16,B
29/09/2012,28.27,B
30/09/2012,28.39,B
01/10/2012,29.03,B
02/10/2012,27.61,B
03/10/2012,28.89,B
04/10/2012,28.87,B
05/10/2012,29.27,B
06/10/2012,28.03,B
07/10/2012,29.71,B
08/10/2012,28.7,B
09/10/2012,29.34,B
10/10/2012,29.23,B
11/10/2012,28.53,B
12/10/2012,27.89,B
13/10/2012,24.31,B
14/10/2012,24.02,B
15/10/2012,24.2,B
16/10/2012,27.16,B
17/10/2012,27.63,B
18/10/2012,27.15,B
19/10/2012,27.12,B
20/10/2012,26.54,B
21/10/2012,26.64,B
22/10/2012,23.99,B
23/10/2012,25.68,B
24/10/2012,27.56,B
25/10/2012,25.44,B
26/10/2012,26.98,B
27/10/2012,28.27,B
28/10/2012,29.78,B
29/10/2012,26.91,B
30/10/2012,25.76,B
31/10/2012,28.06,B
01/11/2012,27.46,B
02/11/2012,26.7,B
03/11/2012,25.41,B
04/11/2012,25.21,B
05/11/2012,23.49,B
06/11/2012,25.97,B
07/11/2012,27.29,B
08/11/2012,27.03,B
09/11/2012,27.49,B
10/11/2012,24.76,B
11/11/2012,26.45,B
12/11/2012,26.55,B
13/11/2012,25.56,B
14/11/2012,25.38,B
15/11/2012,27.93,B
16/11/2012,28.2,B
17/11/2012,28.36,B
18/11/2012,24.66,B
19/11/2012,26.05,B
20/11/2012,26.15,B
21/11/2012,27.73,B
22/11/2012,28.08,B
23/11/2012,26.99,B
24/11/2012,26.71,B
25/11/2012,26.15,B
26/11/2012,27.83,B
27/11/2012,26.76,B
28/11/2012,27.77,B
29/11/2012,24.75,B
30/11/2012,26.08,B
01/12/2012,26.22,B
02/12/2012,25.95,B
03/12/2012,21.72,B
04/12/2012,21.37,B
05/12/2012,25.17,B
06/12/2012,25.73,B
07/12/2012,25.65,B
08/12/2012,26.25,B
09/12/2012,25.94,B
10/12/2012,26.72,B
11/12/2012,26.49,B
12/12/2012,27.06,B
13/12/2012,27.23,B
14/12/2012,25.99,B
15/12/2012,25.95,B
16/12/2012,24.61,B
17/12/2012,26.21,B
18/12/2012,26.32,B
19/12/2012,21.75,B
20/12/2012,23.36,B
21/12/2012,24.34,B
22/12/2012,25.89,B
23/12/2012,26.63,B
24/12/2012,26.62,B
25/12/2012,26.54,B
26/12/2012,26.88,B
27/12/2012,27.97,B
28/12/2012,25.22,B
29/12/2012,25.07,B
30/12/2012,24.93,B
31/12/2012,24.8,B
01/01/2013,26.81,B
02/01/2013,28.03,B
03/01/2013,27.63,B
04/01/2013,25.47,B
05/01/2013,26.29,B
06/01/2013,27.66,B
07/01/2013,28.77,B
08/01/2013,29.17,B
09/01/2013,28.84,B
10/01/2013,27.96,B
11/01/2013,28.98,B
12/01/2013,28.7,B
13/01/2013,28.94,B
14/01/2013,26.88,B
15/01/2013,27.22,B
16/01/2013,22.85,B
17/01/2013,26.41,B
18/01/2013,25.62,B
19/01/2013,26.28,B
20/01/2013,26.95,B
21/01/2013,27.49,B
22/01/2013,27.59,B
23/01/2013,28.27,B
24/01/2013,29.05,B
25/01/2013,29.98,B
26/01/2013,27.93,B
27/01/2013,29.17,B
28/01/2013,28.81,B
29/01/2013,29.68,B
30/01/2013,30.56,B
31/01/2013,29.71,B
01/02/2013,27.43,B
02/02/2013,25.84,B
03/02/2013,28.54,B
04/02/2013,27.09,B
05/02/2013,27.66,B
06/02/2013,29.24,B
07/02/2013,29.14,B
08/02/2013,27.9,B
09/02/2013,27.29,B
10/02/2013,29.47,B
11/02/2013,29.91,B
12/02/2013,29.1,B
13/02/2013,30.75,B
14/02/2013,29.46,B
15/02/2013,29.54,B
16/02/2013,29.2,B
17/02/2013,30.78,B
18/02/2013,29.8,B
19/02/2013,29.51,B
20/02/2013,30.51,B
21/02/2013,30.65,B
22/02/2013,30.88,B
23/02/2013,30.34,B
24/02/2013,28.8,B
25/02/2013,28.83,B
26/02/2013,28.26,B
27/02/2013,28.63,B
28/02/2013,28.46,B
01/03/2013,30.65,B
02/03/2013,30.92,B
03/03/2013,30.51,B
04/03/2013,30.68,B
05/03/2013,31.09,B
06/03/2013,31.35,B
07/03/2013,30.95,B
08/03/2013,31.86,B
09/03/2013,30.75,B
10/03/2013,29.56,B
11/03/2013,31.42,B
12/03/2013,30.98,B
13/03/2013,30.17,B
14/03/2013,29.19,B
15/03/2013,28.7,B
16/03/2013,27.35,B
17/03/2013,29.4,B
18/03/2013,29.37,B
19/03/2013,30.44,B
20/03/2013,30.1,B
21/03/2013,27.01,B
22/03/2013,27.35,B
23/03/2013,28.12,B
24/03/2013,28.93,B
25/03/2013,29.53,B
26/03/2013,28.02,B
27/03/2013,26.98,B
28/03/2013,29.23,B
29/03/2013,27.67,B
30/03/2013,26.54,B
31/03/2013,27.95,B
01/04/2013,27.4,B
02/04/2013,25.66,B
03/04/2013,25.92,B
04/04/2013,28.26,B
05/04/2013,27.54,B
06/04/2013,28.11,B
07/04/2013,28.11,B
08/04/2013,27.82,B
09/04/2013,28.88,B
10/04/2013,28.28,B
11/04/2013,28.36,B
12/04/2013,27.8,B
13/04/2013,25.72,B
14/04/2013,27.31,B
15/04/2013,27.06,B
16/04/2013,26.45,B
17/04/2013,25.57,B
18/04/2013,26.32,B
19/04/2013,26.77,B
20/04/2013,27.48,B
21/04/2013,26.8,B
22/04/2013,26.49,B
23/04/2013,29.17,B
24/04/2013,26.57,B
25/04/2013,26.8,B
26/04/2013,26.8,B
27/04/2013,28.05,B
28/04/2013,26.37,B
29/04/2013,24.81,B
30/04/2013,25.66,B
01/05/2013,25.83,B
02/05/2013,24.73,B
03/05/2013,26.73,B
04/05/2013,25.58,B
05/05/2013,26.26,B
06/05/2013,26.13,B
07/05/2013,24.3,B
08/05/2013,22.16,B
09/05/2013,25.59,B
10/05/2013,26.67,B
11/05/2013,26.36,B
12/05/2013,26.95,B
13/05/2013,27.19,B
14/05/2013,28.64,B
15/05/2013,29.09,B
16/05/2013,28.82,B
17/05/2013,28.92,B
18/05/2013,28.45,B
19/05/2013,28.1,B
20/05/2013,29.98,B
21/05/2013,28.5,B
22/05/2013,27.33,B
23/05/2013,27.84,B
24/05/2013,28.92,B
25/05/2013,30.72,B
26/05/2013,31.53,B
27/05/2013,31.21,B
28/05/2013,30.39,B
29/05/2013,28.43,B
30/05/2013,29.98,B
31/05/2013,30.68,B
01/06/2013,26.38,B
02/06/2013,NA,B
03/06/2013,NA,B
04/06/2013,NA,B
05/06/2013,NA,B
06/06/2013,NA,B
07/06/2013,NA,B
08/06/2013,NA,B
09/06/2013,NA,B
10/06/2013,NA,B
11/06/2013,NA,B
12/06/2013,NA,B
13/06/2013,NA,B
14/06/2013,NA,B
15/06/2013,NA,B
16/06/2013,NA,B
17/06/2013,NA,B
18/06/2013,24.54,B
19/06/2013,21.89,B
20/06/2013,24.24,B
21/06/2013,24.99,B
22/06/2013,24.2,B
23/06/2013,23.62,B
24/06/2013,24.68,B
25/06/2013,24.93,B
26/06/2013,26.11,B
27/06/2013,26.82,B
28/06/2013,26.89,B
29/06/2013,27.26,B
30/06/2013,26.43,B
01/07/2013,27.24,B
02/07/2013,27.69,B
03/07/2013,27.43,B
04/07/2013,25.88,B
05/07/2013,26.29,B
06/07/2013,27.81,B
07/07/2013,28.8,B
08/07/2013,26.43,B
09/07/2013,27.37,B
10/07/2013,24.96,B
11/07/2013,26.04,B
12/07/2013,24.59,B
13/07/2013,25.74,B
14/07/2013,24.98,B
15/07/2013,26.98,B
16/07/2013,27.85,B
17/07/2013,27.49,B
18/07/2013,27.66,B
19/07/2013,26.3,B
20/07/2013,25.65,B
21/07/2013,25.96,B
22/07/2013,23.64,B
23/07/2013,23.81,B
24/07/2013,25.46,B
25/07/2013,22.14,B
26/07/2013,24.38,B
27/07/2013,25.57,B
28/07/2013,26.57,B
29/07/2013,26.08,B
30/07/2013,25.43,B
31/07/2013,24.07,B
01/08/2013,24.22,B
02/08/2013,24.6,B
03/08/2013,24.2,B
04/08/2013,22.24,B
05/08/2013,24.21,B
06/08/2013,22.13,B
07/08/2013,22.4,B
08/08/2013,20.42,B
09/08/2013,26.04,B
10/08/2013,24.12,B
11/08/2013,26.83,B
12/08/2013,25.53,B
13/08/2013,27.04,B
14/08/2013,27.93,B
15/08/2013,27.73,B
16/08/2013,28.24,B
17/08/2013,26.45,B
18/08/2013,27.77,B
19/08/2013,29.49,B
20/08/2013,26.41,B
21/08/2013,23.92,B
22/08/2013,24.89,B
23/08/2013,23.36,B
24/08/2013,25.15,B
25/08/2013,25.76,B
26/08/2013,27.01,B
27/08/2013,25.25,B
28/08/2013,26.78,B
29/08/2013,25.18,B
30/08/2013,26.2,B
31/08/2013,28.19,B
01/09/2013,28.9,B
02/09/2013,28.55,B
03/09/2013,27.31,B
04/09/2013,27.43,B
05/09/2013,28.5,B
06/09/2013,28.28,B
07/09/2013,26.6,B
08/09/2013,25.18,B
09/09/2013,26.89,B
10/09/2013,26.78,B
11/09/2013,27.22,B
12/09/2013,28.23,B
13/09/2013,29.06,B
14/09/2013,28.13,B
15/09/2013,28.7,B
16/09/2013,30.53,B
17/09/2013,30.49,B
18/09/2013,28.57,B
19/09/2013,24.69,B
20/09/2013,27.33,B
21/09/2013,27.63,B
22/09/2013,28.77,B
23/09/2013,28.6,B
24/09/2013,25.96,B
25/09/2013,26.82,B
26/09/2013,28.03,B
27/09/2013,29.92,B
28/09/2013,30.56,B
29/09/2013,29.45,B
30/09/2013,30.56,B
01/10/2013,30.09,B
02/10/2013,27.62,B
03/10/2013,28.26,B
04/10/2013,27.66,B
05/10/2013,28.71,B
06/10/2013,27.53,B
07/10/2013,28.19,B
08/10/2013,27.49,B
09/10/2013,27.29,B
10/10/2013,27.15,B
11/10/2013,27.97,B
12/10/2013,27.36,B
13/10/2013,27.68,B
14/10/2013,28.65,B
15/10/2013,29.19,B
16/10/2013,30.09,B
17/10/2013,28.88,B
18/10/2013,28.84,B
19/10/2013,28.67,B
20/10/2013,28.24,B
21/10/2013,28.92,B
22/10/2013,29.49,B
23/10/2013,28.85,B
24/10/2013,27.03,B
25/10/2013,27.35,B
26/10/2013,28.07,B
27/10/2013,28.27,B
28/10/2013,27.89,B
29/10/2013,27.81,B
30/10/2013,27.91,B
31/10/2013,28.14,B
01/11/2013,27.77,B
02/11/2013,28.27,B
03/11/2013,25.58,B
04/11/2013,25.84,B
05/11/2013,26.49,B
06/11/2013,24.51,B
07/11/2013,24.56,B
08/11/2013,21.48,B
09/11/2013,22.83,B
10/11/2013,25.41,B
11/11/2013,26.49,B
12/11/2013,25.78,B
13/11/2013,26.26,B
14/11/2013,27.44,B
15/11/2013,26.8,B
16/11/2013,28.31,B
17/11/2013,25.68,B
18/11/2013,26.13,B
19/11/2013,25.38,B
20/11/2013,25.51,B
21/11/2013,23.27,B
22/11/2013,26.8,B
23/11/2013,27.81,B
24/11/2013,26.29,B
25/11/2013,25.35,B
26/11/2013,24.02,B
27/11/2013,23.71,B
28/11/2013,23.71,B
29/11/2013,24.48,B
30/11/2013,21.04,B
01/12/2013,22.12,B
02/12/2013,23.74,B
03/12/2013,24.24,B
04/12/2013,25.01,B
05/12/2013,24.68,B
06/12/2013,25.75,B
07/12/2013,25.88,B
08/12/2013,25.78,B
09/12/2013,26.32,B
10/12/2013,26.9,B
11/12/2013,27.03,B
12/12/2013,26.15,B
13/12/2013,23.42,B
14/12/2013,24.43,B
15/12/2013,25.41,B
16/12/2013,25.68,B
17/12/2013,25.08,B
18/12/2013,23.64,B
19/12/2013,25.45,B
20/12/2013,25.78,B
21/12/2013,25.12,B
22/12/2013,24.69,B
23/12/2013,25.85,B
24/12/2013,27.24,B
25/12/2013,26.15,B
26/12/2013,25.05,B
27/12/2013,25.79,B
28/12/2013,26.09,B
29/12/2013,26.8,B
30/12/2013,26.79,B
31/12/2013,27.87,B
01/01/2014,27.51,B
02/01/2014,27.81,B
03/01/2014,26.46,B
04/01/2014,26.83,B
05/01/2014,27.34,B
06/01/2014,26.9,B
07/01/2014,27.67,B
08/01/2014,28.25,B
09/01/2014,27.74,B
10/01/2014,26.36,B
11/01/2014,27.88,B
12/01/2014,27.68,B
13/01/2014,27.74,B
14/01/2014,28,B
15/01/2014,26.86,B
16/01/2014,27.47,B
17/01/2014,27.54,B
18/01/2014,27.5,B
19/01/2014,28.75,B
20/01/2014,29.79,B
21/01/2014,27.23,B
22/01/2014,27.9,B
23/01/2014,27.6,B
24/01/2014,26.93,B
25/01/2014,27.17,B
26/01/2014,28.31,B
27/01/2014,29.99,B
28/01/2014,29.19,B
29/01/2014,28.68,B
30/01/2014,28.68,B
31/01/2014,28.48,B
01/02/2014,29.69,B
02/02/2014,29.08,B
03/02/2014,29.79,B
04/02/2014,30.39,B
05/02/2014,29.29,B
06/02/2014,29.95,B
07/02/2014,29.85,B
08/02/2014,30.6,B
09/02/2014,23.21,B
10/02/2014,26.03,B
11/02/2014,29.22,B
12/02/2014,26.69,B
13/02/2014,29.31,B
14/02/2014,29.39,B
15/02/2014,30.03,B
16/02/2014,29.65,B
17/02/2014,29.69,B
18/02/2014,28.67,B
19/02/2014,28.31,B
20/02/2014,29.15,B
21/02/2014,26.58,B
22/02/2014,28.37,B
23/02/2014,27.94,B
24/02/2014,28.44,B
25/02/2014,29.15,B
26/02/2014,29.34,B
27/02/2014,27.97,B
28/02/2014,28,B
01/03/2014,29.51,B
02/03/2014,29.72,B
03/03/2014,29.14,B
04/03/2014,30.39,B
05/03/2014,31.17,B
06/03/2014,30.26,B
07/03/2014,30.39,B
08/03/2014,29.51,B
09/03/2014,29.68,B
10/03/2014,29.24,B
11/03/2014,29.68,B
12/03/2014,29.72,B
13/03/2014,28.84,B
14/03/2014,28.57,B
15/03/2014,24.88,B
16/03/2014,25.71,B
17/03/2014,26.12,B
18/03/2014,26.29,B
19/03/2014,24.97,B
20/03/2014,26.72,B
21/03/2014,28.22,B
22/03/2014,29.91,B
23/03/2014,31.01,B
24/03/2014,31.52,B
25/03/2014,30.94,B
26/03/2014,31.59,B
27/03/2014,29.47,B
28/03/2014,30.03,B
29/03/2014,29.47,B
30/03/2014,29.3,B
31/03/2014,29.97,B
01/04/2014,30.74,B
02/04/2014,29.05,B
03/04/2014,30.37,B
04/04/2014,30.3,B
05/04/2014,30.74,B
06/04/2014,29.26,B
07/04/2014,30.57,B
08/04/2014,22.27,B
09/04/2014,27.3,B
10/04/2014,28.35,B
11/04/2014,28.89,B
12/04/2014,NA,B
13/04/2014,NA,B
14/04/2014,NA,B
15/04/2014,NA,B
16/04/2014,NA,B
17/04/2014,NA,B
18/04/2014,NA,B
19/04/2014,NA,B
20/04/2014,NA,B
21/04/2014,NA,B
22/04/2014,NA,B
23/04/2014,NA,B
24/04/2014,NA,B
25/04/2014,NA,B
26/04/2014,NA,B
27/04/2014,NA,B
28/04/2014,NA,B
29/04/2014,NA,B
30/04/2014,NA,B
01/05/2014,NA,B
02/05/2014,NA,B
03/05/2014,NA,B
04/05/2014,NA,B
05/05/2014,NA,B
06/05/2014,NA,B
07/05/2014,NA,B
08/05/2014,NA,B
09/05/2014,27.43,B
10/05/2014,27.21,B
11/05/2014,27.41,B
12/05/2014,26.26,B
13/05/2014,26.5,B
14/05/2014,26.97,B
15/05/2014,28.49,B
16/05/2014,28.28,B
17/05/2014,28.59,B
18/05/2014,28.84,B
19/05/2014,28.69,B
20/05/2014,27.76,B
21/05/2014,26.43,B
22/05/2014,26.66,B
23/05/2014,27.57,B
24/05/2014,26.78,B
25/05/2014,28.1,B
26/05/2014,29.42,B
27/05/2014,28.05,B
28/05/2014,29.55,B
29/05/2014,28.33,B
30/05/2014,28.05,B
31/05/2014,28.42,B
01/06/2014,29.22,B
02/06/2014,29.82,B
03/06/2014,29.66,B
04/06/2014,29.1,B
05/06/2014,29.08,B
06/06/2014,29.28,B
07/06/2014,28.01,B
08/06/2014,28.46,B
09/06/2014,25.75,B
10/06/2014,27.36,B
11/06/2014,29.48,B
12/06/2014,28.99,B
13/06/2014,29.62,B
14/06/2014,29.99,B
15/06/2014,28.45,B
16/06/2014,29.84,B
17/06/2014,30.32,B
18/06/2014,29.24,B
19/06/2014,29.37,B
20/06/2014,31.13,B
21/06/2014,30.48,B
22/06/2014,25.73,B
23/06/2014,25.72,B
24/06/2014,24.82,B
25/06/2014,28.38,B
26/06/2014,27.58,B
27/06/2014,27.85,B
28/06/2014,NA,B
29/06/2014,NA,B
30/06/2014,NA,B
01/07/2014,NA,B
02/07/2014,26.57,B
03/07/2014,26.33,B
04/07/2014,27.04,B
05/07/2014,28.4,B
06/07/2014,27.61,B
07/07/2014,27.8,B
08/07/2014,27.83,B
09/07/2014,27.79,B
10/07/2014,28.45,B
11/07/2014,24.54,B
12/07/2014,23.95,B
13/07/2014,25.74,B
14/07/2014,27.88,B
15/07/2014,29.08,B
16/07/2014,27.29,B
17/07/2014,26.9,B
18/07/2014,26.02,B
19/07/2014,27.45,B
20/07/2014,28.97,B
21/07/2014,28.09,B
22/07/2014,27.22,B
23/07/2014,26.52,B
24/07/2014,26.08,B
25/07/2014,26.69,B
26/07/2014,24.91,B
27/07/2014,27.95,B
28/07/2014,27.34,B
29/07/2014,27.16,B
30/07/2014,26.11,B
31/07/2014,26.13,B
01/08/2014,26.49,B
02/08/2014,28.35,B
03/08/2014,26.83,B
04/08/2014,24.68,B
05/08/2014,26.41,B
06/08/2014,25.91,B
07/08/2014,26.42,B
08/08/2014,25.75,B
09/08/2014,27.56,B
10/08/2014,26.16,B
11/08/2014,27.53,B
12/08/2014,25.66,B
13/08/2014,26.05,B
14/08/2014,28.09,B
15/08/2014,26.49,B
16/08/2014,27.82,B
17/08/2014,28.63,B
18/08/2014,26.06,B
19/08/2014,26.06,B
20/08/2014,26.36,B
21/08/2014,27.44,B
22/08/2014,28.04,B
23/08/2014,30.41,B
24/08/2014,26.9,B
25/08/2014,27.9,B
26/08/2014,28.26,B
27/08/2014,26.4,B
28/08/2014,28.63,B
29/08/2014,28.09,B
30/08/2014,28.73,B
31/08/2014,23.84,B
01/09/2014,27.29,B
02/09/2014,28.02,B
03/09/2014,26.72,B
04/09/2014,25.48,B
05/09/2014,24.78,B
06/09/2014,21.72,B
07/09/2014,23.47,B
08/09/2014,25.85,B
09/09/2014,25.74,B
10/09/2014,26.96,B
11/09/2014,27.14,B
12/09/2014,26.84,B
13/09/2014,27.91,B
14/09/2014,27.07,B
15/09/2014,26.97,B
16/09/2014,28.14,B
17/09/2014,28.62,B
18/09/2014,27.72,B
19/09/2014,28.11,B
20/09/2014,27.95,B
21/09/2014,28.32,B
22/09/2014,28.62,B
23/09/2014,27.61,B
24/09/2014,27.8,B
25/09/2014,27.74,B
26/09/2014,26.55,B
27/09/2014,27.26,B
28/09/2014,27.11,B
29/09/2014,28.46,B
30/09/2014,29.7,B
01/10/2014,30.04,B
02/10/2014,29.87,B
03/10/2014,29.93,B
04/10/2014,26.77,B
05/10/2014,27.67,B
06/10/2014,28.08,B
07/10/2014,26.35,B
08/10/2014,27.94,B
09/10/2014,28.85,B
10/10/2014,28.73,B
11/10/2014,27.81,B
12/10/2014,29.06,B
13/10/2014,28.62,B
14/10/2014,28.01,B
15/10/2014,28.52,B
16/10/2014,29.6,B
17/10/2014,29.56,B
18/10/2014,29.39,B
19/10/2014,28.26,B
20/10/2014,26.77,B
21/10/2014,25.66,B
22/10/2014,23.61,B
23/10/2014,25.53,B
24/10/2014,24.34,B
25/10/2014,25.63,B
26/10/2014,27.11,B
27/10/2014,27.75,B
28/10/2014,27.34,B
29/10/2014,28.86,B
30/10/2014,24.35,B
31/10/2014,25.32,B
01/11/2014,27.82,B
02/11/2014,27.61,B
03/11/2014,26.6,B
04/11/2014,26,B
05/11/2014,25.39,B
06/11/2014,26.37,B
07/11/2014,25.05,B
08/11/2014,27.44,B
09/11/2014,26.51,B
10/11/2014,24.28,B
11/11/2014,22.44,B
12/11/2014,22.83,B
13/11/2014,25.32,B
14/11/2014,24.75,B
15/11/2014,25.16,B
16/11/2014,25.7,B
17/11/2014,26.17,B
18/11/2014,26.85,B
19/11/2014,26.68,B
20/11/2014,23.68,B
21/11/2014,27.39,B
22/11/2014,22.97,B
23/11/2014,26.61,B
24/11/2014,26.91,B
25/11/2014,26.1,B
26/11/2014,28.24,B
27/11/2014,27.48,B
28/11/2014,27.35,B
29/11/2014,28.63,B
30/11/2014,27.82,B
01/12/2014,28.56,B
02/12/2014,25.53,B
03/12/2014,23.21,B
04/12/2014,22.91,B
05/12/2014,24.39,B
06/12/2014,24.75,B
07/12/2014,26.78,B
08/12/2014,26.51,B
09/12/2014,25.77,B
10/12/2014,26.27,B
11/12/2014,25.8,B
12/12/2014,26.2,B
13/12/2014,26.64,B
14/12/2014,27.66,B
15/12/2014,26.98,B
16/12/2014,27.38,B
17/12/2014,26.75,B
18/12/2014,28.56,B
19/12/2014,29.07,B
20/12/2014,27.99,B
21/12/2014,27.65,B
22/12/2014,28.49,B
23/12/2014,29,B
24/12/2014,30.1,B
25/12/2014,28.61,B
26/12/2014,26.67,B
27/12/2014,27.44,B
28/12/2014,29.18,B
29/12/2014,29.05,B
30/12/2014,28.61,B
31/12/2014,28.81,B
01/01/2015,28.89,B
02/01/2015,29.62,B
03/01/2015,29.38,B
04/01/2015,30.23,B
05/01/2015,30.16,B
06/01/2015,NA,B
07/01/2015,NA,B
08/01/2015,NA,B
09/01/2015,NA,B
10/01/2015,NA,B
11/01/2015,NA,B
12/01/2015,NA,B
13/01/2015,NA,B
14/01/2015,NA,B
15/01/2015,28.27,B
16/01/2015,30.16,B
17/01/2015,30.37,B
18/01/2015,30.67,B
19/01/2015,30.8,B
20/01/2015,31.45,B
21/01/2015,29.35,B
22/01/2015,28.08,B
23/01/2015,27.68,B
24/01/2015,28.55,B
25/01/2015,27.85,B
26/01/2015,26.94,B
27/01/2015,27.82,B
28/01/2015,28.79,B
29/01/2015,29.5,B
30/01/2015,28.66,B
31/01/2015,28.9,B
01/02/2015,28.82,B
02/02/2015,29.02,B
03/02/2015,29.1,B
04/02/2015,29.12,B
05/02/2015,28.32,B
06/02/2015,29.53,B
07/02/2015,29.6,B
08/02/2015,28.72,B
09/02/2015,28.7,B
10/02/2015,29.87,B
11/02/2015,28.72,B
12/02/2015,30.07,B
13/02/2015,31.94,B
14/02/2015,32.38,B
15/02/2015,32.98,B
16/02/2015,31.29,B
17/02/2015,31.1,B
18/02/2015,30.05,B
19/02/2015,29.45,B
20/02/2015,30.08,B
21/02/2015,30.02,B
22/02/2015,30.69,B
23/02/2015,31.54,B
24/02/2015,30.89,B
25/02/2015,32.24,B
26/02/2015,31.8,B
27/02/2015,31.32,B
28/02/2015,30.32,B
01/03/2015,30.49,B
02/03/2015,31.1,B
03/03/2015,30.59,B
04/03/2015,29.27,B
05/03/2015,29.18,B
06/03/2015,30.26,B
07/03/2015,30.89,B
08/03/2015,30.15,B
09/03/2015,NA,B
10/03/2015,NA,B
11/03/2015,NA,B
12/03/2015,NA,B
13/03/2015,NA,B
14/03/2015,NA,B
15/03/2015,NA,B
16/03/2015,NA,B
17/03/2015,NA,B
18/03/2015,NA,B
19/03/2015,NA,B
20/03/2015,NA,B
21/03/2015,NA,B
22/03/2015,NA,B
23/03/2015,NA,B
24/03/2015,26.61,B
25/03/2015,28.01,B
26/03/2015,27.24,B
27/03/2015,26.57,B
28/03/2015,27.53,B
29/03/2015,28.75,B
30/03/2015,28.85,B
31/03/2015,29.62,B
01/04/2015,30.09,B
02/04/2015,29.64,B
03/04/2015,30.17,B
04/04/2015,29.79,B
05/04/2015,28.36,B
06/04/2015,27.91,B
07/04/2015,29.34,B
08/04/2015,29.41,B
09/04/2015,28.68,B
10/04/2015,26.33,B
11/04/2015,27.62,B
12/04/2015,28.97,B
13/04/2015,29.14,B
14/04/2015,29.28,B
15/04/2015,29.46,B
16/04/2015,27.63,B
17/04/2015,28.14,B
18/04/2015,24.43,B
19/04/2015,25.22,B
20/04/2015,27.43,B
21/04/2015,28.07,B
22/04/2015,27.47,B
23/04/2015,28,B
24/04/2015,27.91,B
25/04/2015,28.79,B
26/04/2015,28.95,B
27/04/2015,27.75,B
28/04/2015,22.64,B
29/04/2015,26.55,B
30/04/2015,25.61,B
01/05/2015,26.01,B
02/05/2015,26.54,B
03/05/2015,25.43,B
04/05/2015,25.7,B
05/05/2015,26.82,B
06/05/2015,24.86,B
07/05/2015,25.67,B
08/05/2015,25.4,B
09/05/2015,26.55,B
10/05/2015,25.38,B
11/05/2015,27.29,B
12/05/2015,27.36,B
13/05/2015,27.9,B
14/05/2015,27.49,B
15/05/2015,28.04,B
16/05/2015,27.47,B
17/05/2015,27.81,B
18/05/2015,28.12,B
19/05/2015,29.1,B
20/05/2015,27.95,B
21/05/2015,28.24,B
22/05/2015,27.1,B
23/05/2015,28.39,B
24/05/2015,27.97,B
25/05/2015,27.09,B
26/05/2015,28.03,B
27/05/2015,27.53,B
28/05/2015,28.42,B
29/05/2015,28.54,B
30/05/2015,27.68,B
31/05/2015,24.98,B
01/06/2015,26.01,B
02/06/2015,26.65,B
03/06/2015,26.43,B
04/06/2015,27.49,B
05/06/2015,27.22,B
06/06/2015,27.33,B
07/06/2015,27.39,B
08/06/2015,26.75,B
09/06/2015,27.06,B
10/06/2015,26.58,B
11/06/2015,26.84,B
12/06/2015,26.75,B
13/06/2015,28.25,B
14/06/2015,28.63,B
15/06/2015,27.09,B
16/06/2015,27.46,B
17/06/2015,27.18,B
18/06/2015,26.75,B
19/06/2015,25.58,B
20/06/2015,26.68,B
21/06/2015,25.41,B
22/06/2015,26.14,B
23/06/2015,26.24,B
24/06/2015,28.08,B
25/06/2015,26.38,B
26/06/2015,28.17,B
27/06/2015,26.7,B
28/06/2015,27.88,B
29/06/2015,27.46,B
30/06/2015,27.66,B
01/07/2015,25.64,B
02/07/2015,26.17,B
03/07/2015,26.21,B
04/07/2015,26.78,B
05/07/2015,27.41,B
06/07/2015,28.15,B
07/07/2015,26.43,B
08/07/2015,25.6,B
09/07/2015,27.22,B
10/07/2015,27.26,B
11/07/2015,26.31,B
12/07/2015,27.29,B
13/07/2015,27.51,B
14/07/2015,27.68,B
15/07/2015,27.95,B
16/07/2015,27.26,B
17/07/2015,27.16,B
18/07/2015,29.47,B
19/07/2015,29.91,B
20/07/2015,27.2,B
21/07/2015,27.57,B
22/07/2015,25.97,B
23/07/2015,25.98,B
24/07/2015,27.36,B
25/07/2015,28.58,B
26/07/2015,28.51,B
27/07/2015,27.85,B
28/07/2015,30.31,B
29/07/2015,27.33,B
30/07/2015,26,B
31/07/2015,26.01,B
01/08/2015,29.65,B
02/08/2015,29.17,B
03/08/2015,25.3,B
04/08/2015,26.7,B
05/08/2015,26.67,B
06/08/2015,27.78,B
07/08/2015,27.12,B
08/08/2015,26.69,B
09/08/2015,25.78,B
10/08/2015,27.21,B
11/08/2015,27.94,B
12/08/2015,28.41,B
13/08/2015,28.52,B
14/08/2015,28.8,B
15/08/2015,28.26,B
16/08/2015,28.98,B
17/08/2015,27.15,B
18/08/2015,28.83,B
19/08/2015,29.17,B
20/08/2015,28.97,B
21/08/2015,29.03,B
22/08/2015,28.92,B
23/08/2015,27.34,B
24/08/2015,27.91,B
25/08/2015,27.6,B
26/08/2015,28.16,B
27/08/2015,28.7,B
28/08/2015,28.45,B
29/08/2015,29.62,B
30/08/2015,27.92,B
31/08/2015,29.19,B
01/09/2015,29.24,B
02/09/2015,29.07,B
03/09/2015,29.1,B
04/09/2015,30.01,B
05/09/2015,29.21,B
06/09/2015,29.68,B
07/09/2015,29.39,B
08/09/2015,28.21,B
09/09/2015,29.25,B
10/09/2015,29.48,B
11/09/2015,28.65,B
12/09/2015,28.58,B
13/09/2015,30.2,B
14/09/2015,28.97,B
15/09/2015,29.33,B
16/09/2015,28.21,B
17/09/2015,28.58,B
18/09/2015,29.77,B
19/09/2015,28.42,B
20/09/2015,29.79,B
21/09/2015,29.06,B
22/09/2015,30.32,B
23/09/2015,29.6,B
24/09/2015,29.23,B
25/09/2015,29.5,B
26/09/2015,29.43,B
27/09/2015,28.85,B
28/09/2015,28.85,B
29/09/2015,30.47,B
30/09/2015,30.97,B
01/10/2015,30.31,B
02/10/2015,31.34,B
03/10/2015,28.89,B
04/10/2015,29.39,B
05/10/2015,24.95,B
06/10/2015,27.17,B
07/10/2015,28.82,B
08/10/2015,29.51,B
09/10/2015,28.11,B
10/10/2015,30,B
11/10/2015,29.94,B
12/10/2015,29.33,B
13/10/2015,29.66,B
14/10/2015,26.93,B
15/10/2015,28.42,B
16/10/2015,30.17,B
17/10/2015,29.46,B
18/10/2015,28.52,B
19/10/2015,27.94,B
20/10/2015,26.97,B
21/10/2015,29.39,B
22/10/2015,30.07,B
23/10/2015,26.27,B
24/10/2015,23.37,B
25/10/2015,27.58,B
26/10/2015,28.82,B
27/10/2015,29.6,B
28/10/2015,30,B
29/10/2015,28.41,B
30/10/2015,28.18,B
31/10/2015,26.63,B
01/11/2015,28.14,B
02/11/2015,26.54,B
03/11/2015,26.68,B
04/11/2015,26.95,B
05/11/2015,26.2,B
06/11/2015,20.82,B
07/11/2015,25.27,B
08/11/2015,25.39,B
09/11/2015,26.58,B
10/11/2015,25.99,B
11/11/2015,27.15,B
12/11/2015,27.05,B
13/11/2015,26.81,B
14/11/2015,27.38,B
15/11/2015,24.58,B
16/11/2015,25.02,B
17/11/2015,25.7,B
18/11/2015,23.09,B
19/11/2015,25.46,B
20/11/2015,25.66,B
21/11/2015,26.54,B
22/11/2015,24.96,B
23/11/2015,24.68,B
24/11/2015,26.2,B
25/11/2015,25.97,B
26/11/2015,27.19,B
27/11/2015,22.42,B
28/11/2015,23.82,B
29/11/2015,24.89,B
30/11/2015,24.99,B
01/12/2015,21.83,B
02/12/2015,25.29,B
03/12/2015,26.68,B
04/12/2015,26.31,B
05/12/2015,26.84,B
06/12/2015,27.29,B
07/12/2015,28.12,B
08/12/2015,27.78,B
09/12/2015,27.69,B
10/12/2015,27.59,B
11/12/2015,27.05,B
12/12/2015,27.65,B
13/12/2015,28.33,B
14/12/2015,25.39,B
15/12/2015,25.76,B
16/12/2015,25.05,B
17/12/2015,25.6,B
18/12/2015,24.75,B
19/12/2015,24.12,B
20/12/2015,24.87,B
21/12/2015,25.26,B
22/12/2015,25.8,B
23/12/2015,NA,B
24/12/2015,24.85,B
25/12/2015,25.83,B
26/12/2015,24.95,B
27/12/2015,25.87,B
28/12/2015,25.4,B
29/12/2015,25.76,B
30/12/2015,25.02,B
31/12/2015,26.1,B
01/01/2016,29,B
02/01/2016,28.83,B
03/01/2016,28.29,B
04/01/2016,27.14,B
05/01/2016,24.37,B
06/01/2016,25.84,B
07/01/2016,26.2,B
08/01/2016,27.19,B
09/01/2016,27.24,B
10/01/2016,26.94,B
11/01/2016,27.51,B
12/01/2016,26.64,B
13/01/2016,26.47,B
14/01/2016,27.51,B
15/01/2016,27.55,B
16/01/2016,28.22,B
17/01/2016,26.67,B
18/01/2016,27.61,B
19/01/2016,26.74,B
20/01/2016,24.78,B
21/01/2016,25.02,B
22/01/2016,25.09,B
23/01/2016,26.04,B
24/01/2016,26.98,B
25/01/2016,28.26,B
26/01/2016,28.52,B
27/01/2016,28.93,B
28/01/2016,29.4,B
29/01/2016,28.42,B
30/01/2016,27.79,B
31/01/2016,27.35,B
01/02/2016,27.85,B
02/02/2016,27,B
03/02/2016,26.54,B
04/02/2016,26.71,B
05/02/2016,27.85,B
06/02/2016,27.82,B
07/02/2016,28.8,B
08/02/2016,30.54,B
09/02/2016,29.67,B
10/02/2016,26.33,B
11/02/2016,28.59,B
12/02/2016,28.04,B
13/02/2016,28.52,B
14/02/2016,29.34,B
15/02/2016,28.49,B
16/02/2016,28.09,B
17/02/2016,28.52,B
18/02/2016,31.38,B
19/02/2016,31.32,B
20/02/2016,27.94,B
21/02/2016,27.17,B
22/02/2016,27.58,B
23/02/2016,29.63,B
24/02/2016,29.26,B
25/02/2016,29.87,B
26/02/2016,30.4,B
27/02/2016,29.29,B
28/02/2016,28.52,B
29/02/2016,28.04,B
01/03/2016,29.73,B
02/03/2016,29.97,B
03/03/2016,30.21,B
04/03/2016,30.07,B
05/03/2016,29.67,B
06/03/2016,29.87,B
07/03/2016,30.9,B
08/03/2016,29.76,B
09/03/2016,30.48,B
10/03/2016,29.16,B
11/03/2016,28.73,B
12/03/2016,29.7,B
13/03/2016,29.02,B
14/03/2016,29.26,B
15/03/2016,29.94,B
16/03/2016,30.97,B
17/03/2016,31.6,B
18/03/2016,32.21,B
19/03/2016,31.91,B
20/03/2016,31.13,B
21/03/2016,31.43,B
22/03/2016,31.64,B
23/03/2016,31.4,B
24/03/2016,31.33,B
25/03/2016,30.42,B
26/03/2016,30.37,B
27/03/2016,29.9,B
28/03/2016,31.43,B
29/03/2016,32.35,B
30/03/2016,31.97,B
31/03/2016,30.96,B
01/04/2016,31.4,B
02/04/2016,29.92,B
03/04/2016,30.51,B
04/04/2016,28.26,B
05/04/2016,28.49,B
06/04/2016,30.17,B
07/04/2016,28.19,B
08/04/2016,29.24,B
09/04/2016,31.45,B
10/04/2016,29.93,B
11/04/2016,30.57,B
12/04/2016,27.96,B
13/04/2016,29.66,B
14/04/2016,28.98,B
15/04/2016,28.78,B
16/04/2016,29.38,B
17/04/2016,30.98,B
18/04/2016,28.13,B
19/04/2016,27.41,B
20/04/2016,28.78,B
21/04/2016,29.19,B
22/04/2016,28.58,B
23/04/2016,30.1,B
24/04/2016,29.93,B
25/04/2016,27.9,B
26/04/2016,29.74,B
27/04/2016,28.49,B
28/04/2016,30.03,B
29/04/2016,26.92,B
30/04/2016,27.48,B
01/05/2016,26,B
02/05/2016,23.45,B
03/05/2016,26.49,B
04/05/2016,26.28,B
05/05/2016,28.2,B
06/05/2016,27.96,B
07/05/2016,25.95,B
08/05/2016,26.38,B
09/05/2016,25.32,B
10/05/2016,27.58,B
11/05/2016,24.68,B
12/05/2016,25.06,B
13/05/2016,26.31,B
14/05/2016,26.99,B
15/05/2016,26.35,B
16/05/2016,27.29,B
17/05/2016,28.03,B
18/05/2016,27.32,B
19/05/2016,27.43,B
20/05/2016,25.31,B
21/05/2016,26.21,B
22/05/2016,25.68,B
23/05/2016,25.97,B
24/05/2016,26.08,B
25/05/2016,26.01,B
26/05/2016,25.91,B
27/05/2016,26.79,B
28/05/2016,29.14,B
29/05/2016,28.2,B
30/05/2016,28.73,B
31/05/2016,28.88,B
01/06/2016,29.84,B
02/06/2016,28.43,B
03/06/2016,29.39,B
04/06/2016,29.91,B
05/06/2016,27.87,B
06/06/2016,29.03,B
07/06/2016,29.5,B
08/06/2016,29.77,B
09/06/2016,29.33,B
10/06/2016,29.44,B
11/06/2016,28.64,B
12/06/2016,28,B
13/06/2016,29.74,B
14/06/2016,28.52,B
15/06/2016,30.19,B
16/06/2016,30.6,B
17/06/2016,28.81,B
18/06/2016,29.11,B
19/06/2016,24.48,B
20/06/2016,28.31,B
21/06/2016,26.41,B
22/06/2016,27.66,B
23/06/2016,25.32,B
24/06/2016,26.53,B
25/06/2016,26.08,B
26/06/2016,24.91,B
27/06/2016,25.64,B
28/06/2016,29.73,B
29/06/2016,28,B
30/06/2016,28.95,B
01/07/2016,28.17,B
02/07/2016,29.42,B
03/07/2016,29.23,B
04/07/2016,29.23,B
05/07/2016,28.98,B
06/07/2016,28.48,B
07/07/2016,27.88,B
08/07/2016,29.66,B
09/07/2016,27.75,B
10/07/2016,28.51,B
11/07/2016,27.86,B
12/07/2016,29.14,B
13/07/2016,28.29,B
14/07/2016,25.5,B
15/07/2016,26.29,B
16/07/2016,28.95,B
17/07/2016,28.1,B
18/07/2016,28.34,B
19/07/2016,30.54,B
20/07/2016,28.35,B
21/07/2016,28.26,B
22/07/2016,28.19,B
23/07/2016,29.38,B
24/07/2016,29.58,B
25/07/2016,29.1,B
26/07/2016,28.98,B
27/07/2016,29.75,B
28/07/2016,30.98,B
29/07/2016,26.01,B
30/07/2016,28.46,B
31/07/2016,28.29,B
01/08/2016,28.46,B
02/08/2016,27.73,B
03/08/2016,,B
04/08/2016,,B
05/08/2016,,B
06/08/2016,NA,B
07/08/2016,26.23,B
08/08/2016,27.37,B
09/08/2016,25.18,B
10/08/2016,23.24,B
11/08/2016,24.9,B
12/08/2016,28.53,B
13/08/2016,28.37,B
14/08/2016,28.08,B
15/08/2016,28.22,B
16/08/2016,29.63,B
17/08/2016,26.25,B
18/08/2016,30.35,B
19/08/2016,32.89,B
20/08/2016,29.96,B
21/08/2016,30.81,B
22/08/2016,30.08,B
23/08/2016,30.39,B
24/08/2016,30.86,B
25/08/2016,26.42,B
26/08/2016,29.07,B
27/08/2016,28.46,B
28/08/2016,28.75,B
29/08/2016,28.27,B
30/08/2016,27.16,B
31/08/2016,28.66,B
01/09/2016,29.06,B
02/09/2016,25.8,B
03/09/2016,27.69,B
04/09/2016,29.17,B
05/09/2016,29.33,B
06/09/2016,27.31,B
07/09/2016,29.97,B
08/09/2016,30.14,B
09/09/2016,30.27,B
10/09/2016,30.21,B
11/09/2016,30.31,B
12/09/2016,29.33,B
13/09/2016,29.33,B
14/09/2016,30.51,B
15/09/2016,29.8,B
16/09/2016,29.87,B
17/09/2016,30.71,B
18/09/2016,31.05,B
19/09/2016,32.17,B
20/09/2016,31.72,B
21/09/2016,26.13,B
22/09/2016,28.93,B
23/09/2016,29.53,B
24/09/2016,29.97,B
25/09/2016,30.17,B
26/09/2016,30.75,B
27/09/2016,29.94,B
28/09/2016,30.41,B
29/09/2016,29.37,B
30/09/2016,30.51,B
01/10/2016,30.82,B
02/10/2016,30.24,B
03/10/2016,30.68,B
04/10/2016,30.48,B
05/10/2016,29.97,B
06/10/2016,29.67,B
07/10/2016,30.17,B
08/10/2016,31.46,B
09/10/2016,31.25,B
10/10/2016,29.43,B
11/10/2016,30.85,B
12/10/2016,29.54,B
13/10/2016,31.42,B
14/10/2016,30.98,B
15/10/2016,30.95,B
16/10/2016,30.65,B
17/10/2016,31.42,B
18/10/2016,29.9,B
19/10/2016,30.54,B
20/10/2016,31.22,B
21/10/2016,30.61,B
22/10/2016,30.82,B
23/10/2016,30.65,B
24/10/2016,31.3,B
25/10/2016,29.95,B
26/10/2016,28.9,B
27/10/2016,28.17,B
28/10/2016,28.9,B
29/10/2016,27.59,B
30/10/2016,29.41,B
31/10/2016,31.49,B
01/11/2016,30.15,B
02/11/2016,29.74,B
03/11/2016,29.03,B
04/11/2016,29.24,B
05/11/2016,28.93,B
06/11/2016,27.12,B
07/11/2016,28.84,B
08/11/2016,29.64,B
09/11/2016,28.59,B
10/11/2016,27.52,B
11/11/2016,26.22,B
12/11/2016,29.07,B
13/11/2016,28.8,B
14/11/2016,28.6,B
15/11/2016,26.81,B
16/11/2016,26.68,B
17/11/2016,27.42,B
18/11/2016,25.09,B
19/11/2016,26.22,B
20/11/2016,24.85,B
21/11/2016,26.08,B
22/11/2016,26.65,B
23/11/2016,20.52,B
24/11/2016,27.36,B
25/11/2016,29.72,B
26/11/2016,29.99,B
27/11/2016,28.61,B
28/11/2016,28.27,B
29/11/2016,29.15,B
30/11/2016,27.76,B
01/12/2016,26.69,B
02/12/2016,27.39,B
03/12/2016,27.49,B
04/12/2016,26.45,B
05/12/2016,24.17,B
06/12/2016,26.41,B
07/12/2016,28.1,B
08/12/2016,28.54,B
09/12/2016,28.34,B
10/12/2016,28.84,B
11/12/2016,28.06,B
12/12/2016,28.17,B
13/12/2016,26.27,B
14/12/2016,26.47,B
15/12/2016,26.75,B
16/12/2016,29.55,B
17/12/2016,29.71,B
18/12/2016,29.27,B
19/12/2016,27.79,B
20/12/2016,27.15,B
21/12/2016,28.17,B
22/12/2016,27.56,B
23/12/2016,26.61,B
24/12/2016,27.42,B
25/12/2016,26.37,B
26/12/2016,26.34,B
27/12/2016,26.41,B
28/12/2016,28.5,B
29/12/2016,30.45,B
30/12/2016,31.03,B
31/12/2016,29.17,B
